Year ,District ,Fishery ,Stock ,Age1.1,Age1.2,Age1.3,Age2.2,Age1.4,Age2.3,Age1.5,Age2.4,Age1.6,Age2.5,Total
1981,1,US_Comm,Lower,0,1509,5095,0,503,0,13,0,0,0,7120
1981,1,US_Comm,Middle,0,836,5833,0,57050,0,988,0,0,0,64707
1981,1,US_Comm,Upper,0,931,7223,0,18331,0,1194,0,0,0,27679
1981,1,US_Subsistence,Lower,0,3,61,0,0,0,0,0,0,0,64
1981,1,US_Subsistence,Middle,0,5,120,0,1366,0,24,0,0,0,1515
1981,1,US_Subsistence,Upper,0,4,276,0,398,0,25,0,0,0,703
1981,2,US_Comm,Lower,0,606,1971,0,355,0,9,0,0,0,2941
1981,2,US_Comm,Middle,0,386,3526,0,26569,0,431,0,0,0,30912
1981,2,US_Comm,Upper,0,430,3584,0,7453,0,461,0,0,0,11928
1981,2,US_Subsistence,Lower,0,5,95,0,0,0,0,0,0,0,100
1981,2,US_Subsistence,Middle,0,7,187,0,2143,0,38,0,0,0,2375
1981,2,US_Subsistence,Upper,0,7,434,0,624,0,40,0,0,0,1105
1981,3,US_Comm,Lower,0,69,256,0,57,0,2,0,0,0,384
1981,3,US_Comm,Middle,0,41,176,0,2293,0,38,0,0,0,2548
1981,3,US_Comm,Upper,0,50,391,0,616,0,34,0,0,0,1091
1981,3,US_Subsistence,Lower,0,6,106,0,0,0,0,0,0,0,112
1981,3,US_Subsistence,Middle,0,8,210,0,2395,0,42,0,0,0,2655
1981,3,US_Subsistence,Upper,0,8,485,0,697,0,44,0,0,0,1234
1981,4,US_Comm,Lower,0,69,46,0,1,0,0,0,0,0,116
1981,4,US_Comm,Middle,0,45,43,0,784,0,23,0,0,0,895
1981,4,US_Comm,Upper,0,53,119,0,150,0,14,0,0,0,336
1981,4,US_Subsistence,Lower,0,194,130,0,3,0,0,0,0,0,327
1981,4,US_Subsistence,Middle,0,127,121,0,2208,0,65,0,0,0,2521
1981,4,US_Subsistence,Upper,0,149,335,0,423,0,39,0,0,0,946
1981,5,US_Comm,Upper,0,466,1779,0,3843,0,286,0,0,0,6374
1981,5,US_Subsistence,Upper,0,2090,4692,0,5914,0,552,0,0,0,13248
1981,6,US_Comm,Middle,0,40,47,0,875,0,25,0,0,0,987
1981,6,US_Sport,Middle,1,41,214,0,510,0,3,0,0,0,769
1981,6,US_Subsistence,Middle,0,113,133,0,2469,0,70,0,0,0,2785
1981,7,CA_Comm,Upper,0,628,2398,0,5181,0,386,0,0,0,8593
1981,7,CA_Subsistence,Upper,0,695,2656,0,5738,0,427,0,0,0,9516
1982,1,US_Comm,Lower,0,2692,8159,2,4116,0,181,0,0,0,15150
1982,1,US_Comm,Middle,0,1304,3200,2,14873,13,1171,38,0,0,20601
1982,1,US_Comm,Upper,0,244,3073,39,25960,361,7359,1271,0,393,38700
1982,1,US_Subsistence,Lower,0,25,80,0,68,0,2,0,0,0,175
1982,1,US_Subsistence,Middle,0,58,141,0,415,0,18,1,0,0,633
1982,1,US_Subsistence,Upper,0,15,161,0,1088,11,171,51,0,6,1503
1982,2,US_Comm,Lower,0,1336,2028,0,1572,0,69,0,0,0,5005
1982,2,US_Comm,Middle,0,751,2604,0,8182,13,652,11,0,0,12213
1982,2,US_Comm,Upper,0,145,1587,26,14916,326,4233,529,0,152,21914
1982,2,US_Subsistence,Lower,0,10,51,0,55,0,2,0,0,0,118
1982,2,US_Subsistence,Middle,0,24,104,0,222,0,13,1,0,0,364
1982,2,US_Subsistence,Upper,0,6,85,0,1180,4,287,63,0,2,1627
1982,3,US_Comm,Lower,0,335,308,0,120,0,4,0,0,0,767
1982,3,US_Comm,Middle,0,85,153,0,520,1,34,0,0,0,793
1982,3,US_Comm,Upper,0,26,126,7,671,40,157,14,0,8,1049
1982,3,US_Subsistence,Lower,0,16,81,0,88,0,3,0,0,0,188
1982,3,US_Subsistence,Middle,0,38,166,0,354,0,21,2,0,0,581
1982,3,US_Subsistence,Upper,0,10,135,0,1879,6,457,100,0,3,2590
1982,4,US_Comm,Lower,30,235,144,0,42,0,1,0,0,0,452
1982,4,US_Comm,Middle,30,55,51,0,151,0,12,0,0,0,299
1982,4,US_Comm,Upper,30,13,39,0,196,0,58,0,0,0,336
1982,4,US_Subsistence,Lower,116,908,556,0,162,0,4,0,0,0,1746
1982,4,US_Subsistence,Middle,116,213,197,0,583,0,46,0,0,0,1155
1982,4,US_Subsistence,Upper,116,50,151,0,757,0,224,0,0,0,1298
1982,5,US_Comm,Upper,410,500,1107,12,2380,98,781,97,0,0,5385
1982,5,US_Subsistence,Upper,978,1192,2639,29,5674,234,1862,231,0,0,12839
1982,6,US_Comm,Middle,0,203,420,2,314,0,42,0,0,0,981
1982,6,US_Sport,Middle,3,274,287,0,393,1,47,1,0,0,1006
1982,6,US_Subsistence,Middle,0,691,1431,7,1069,0,143,0,0,0,3341
1982,7,CA_Comm,Upper,0,373,1429,31,4320,249,1989,249,0,0,8640
1982,7,CA_Subsistence,Upper,0,370,1417,31,4284,247,1972,247,0,0,8568
1983,1,US_Comm,Lower,0,2366,6940,0,5147,52,33,43,0,0,14581
1983,1,US_Comm,Middle,0,3637,6625,0,22179,7,1845,93,0,0,34386
1983,1,US_Comm,Upper,0,254,4684,0,33533,317,4827,2783,0,92,46490
1983,1,US_Subsistence,Lower,0,24,203,0,28,1,0,0,0,0,256
1983,1,US_Subsistence,Middle,0,174,642,0,2413,0,102,2,0,0,3333
1983,1,US_Subsistence,Upper,0,8,248,0,2091,64,179,63,0,21,2674
1983,2,US_Comm,Lower,0,1334,3945,0,3657,0,14,0,0,0,8950
1983,2,US_Comm,Middle,0,2101,5004,0,8726,0,699,5,0,0,16535
1983,2,US_Comm,Upper,0,164,1880,0,13466,0,2011,223,0,0,17744
1983,2,US_Subsistence,Lower,0,30,419,0,215,1,1,0,0,0,666
1983,2,US_Subsistence,Middle,0,194,1111,0,2865,0,168,4,0,0,4342
1983,2,US_Subsistence,Upper,0,8,350,0,3096,47,401,139,0,16,4057
1983,3,US_Comm,Lower,0,99,340,0,317,0,1,0,0,0,757
1983,3,US_Comm,Middle,0,178,491,0,924,0,73,0,0,0,1666
1983,3,US_Comm,Upper,0,12,145,0,1315,0,199,12,0,0,1683
1983,3,US_Subsistence,Lower,0,16,227,0,116,1,1,0,0,0,361
1983,3,US_Subsistence,Middle,0,105,602,0,1552,0,91,2,0,0,2352
1983,3,US_Subsistence,Upper,0,4,190,0,1677,25,217,75,0,9,2197
1983,4,US_Comm,Lower,2,103,50,0,14,1,0,0,0,0,170
1983,4,US_Comm,Middle,2,164,80,0,62,1,1,0,0,0,310
1983,4,US_Comm,Upper,1,11,16,0,88,1,2,2,0,0,121
1983,4,US_Subsistence,Lower,28,1417,688,0,193,14,0,0,0,0,2340
1983,4,US_Subsistence,Middle,28,2257,1101,0,853,14,14,0,0,0,4267
1983,4,US_Subsistence,Upper,14,151,220,0,1211,14,27,27,0,0,1664
1983,5,US_Comm,Upper,0,338,1249,7,1799,37,147,29,0,0,3606
1983,5,US_Subsistence,Upper,0,1571,5804,33,8360,172,683,135,0,0,16758
1983,6,US_Comm,Middle,0,32,312,0,524,0,43,0,0,0,911
1983,6,US_Sport,Middle,0,206,216,0,580,0,45,1,0,0,1048
1983,6,US_Subsistence,Middle,0,512,1135,0,2373,0,189,2,0,0,4211
1983,7,CA_Comm,Upper,0,145,1408,0,9238,41,1760,435,0,0,13027
1983,7,CA_Subsistence,Upper,0,66,640,0,4202,19,800,198,0,0,5925
1984,1,US_Comm,Lower,0,791,4824,20,18357,0,888,20,0,0,24900
1984,1,US_Comm,Middle,0,1168,13071,20,15553,35,4278,1246,0,59,35430
1984,1,US_Comm,Upper,0,0,0,20,9791,232,3022,1268,0,8,14341
1984,1,US_Subsistence,Lower,0,16,178,0,1108,0,27,0,0,0,1329
1984,1,US_Subsistence,Middle,0,94,1096,0,1075,5,152,64,0,0,2486
1984,1,US_Subsistence,Upper,0,0,0,0,625,25,102,57,0,0,809
1984,2,US_Comm,Lower,0,902,2492,3,7246,0,323,0,0,0,10966
1984,2,US_Comm,Middle,0,866,8224,3,7623,10,1973,345,0,33,19077
1984,2,US_Comm,Upper,0,0,0,3,4834,66,1427,319,0,5,6654
1984,2,US_Subsistence,Lower,0,13,250,0,1741,0,72,0,0,0,2076
1984,2,US_Subsistence,Middle,0,79,1588,0,1690,4,397,89,0,13,3860
1984,2,US_Subsistence,Upper,0,0,0,0,905,18,238,73,0,2,1236
1984,3,US_Comm,Lower,0,5,98,0,659,0,26,0,0,0,788
1984,3,US_Comm,Middle,0,31,661,0,735,0,167,38,0,10,1642
1984,3,US_Comm,Upper,0,0,0,0,451,0,119,36,0,3,609
1984,3,US_Subsistence,Lower,0,4,67,0,548,0,26,0,0,0,645
1984,3,US_Subsistence,Middle,0,14,686,0,740,1,198,111,0,0,1750
1984,3,US_Subsistence,Upper,0,0,0,0,609,12,187,139,0,0,947
1984,4,US_Comm,Lower,0,12,209,0,364,0,18,0,0,0,603
1984,4,US_Comm,Middle,0,2,37,0,80,0,23,11,0,0,153
1984,4,US_Comm,Upper,0,2,25,0,116,0,37,25,0,0,205
1984,4,US_Subsistence,Lower,0,78,1353,0,2356,0,116,0,0,0,3903
1984,4,US_Subsistence,Middle,0,13,239,0,518,0,149,71,0,0,990
1984,4,US_Subsistence,Upper,0,13,162,0,751,0,239,162,0,0,1327
1984,5,US_Comm,Upper,0,205,992,0,2044,34,368,26,0,0,3669
1984,5,US_Subsistence,Upper,0,835,4039,0,8322,138,1498,106,0,0,14938
1984,6,US_Comm,Middle,0,12,210,0,453,0,130,62,0,0,867
1984,6,US_Sport,Middle,0,35,146,0,132,0,37,1,0,0,351
1984,6,US_Subsistence,Middle,0,195,1476,0,2426,0,692,261,0,0,5050
1984,7,CA_Comm,Upper,0,963,2439,32,4943,96,1348,64,0,0,9885
1984,7,CA_Subsistence,Upper,0,673,1705,23,3455,67,942,45,0,0,6910
1985,1,US_Comm,Lower,0,3389,4211,0,27011,0,1476,0,0,0,36087
1985,1,US_Comm,Middle,0,216,1584,0,15130,0,1007,35,0,0,17972
1985,1,US_Comm,Upper,0,16,2023,0,26601,47,5264,1717,0,284,35952
1985,1,US_Subsistence,Lower,0,148,154,0,524,0,21,0,0,0,847
1985,1,US_Subsistence,Middle,0,45,152,0,739,0,39,1,0,0,976
1985,1,US_Subsistence,Upper,0,1,100,0,978,0,152,17,0,0,1248
1985,2,US_Comm,Lower,0,3210,2659,6,10464,0,724,0,0,0,17063
1985,2,US_Comm,Middle,0,579,1809,6,9043,0,603,20,0,0,12060
1985,2,US_Comm,Upper,0,8,1444,6,13765,181,2869,914,0,55,19242
1985,2,US_Subsistence,Lower,0,95,218,0,803,0,41,0,0,0,1157
1985,2,US_Subsistence,Middle,0,29,115,0,2119,0,151,4,0,0,2418
1985,2,US_Subsistence,Upper,0,1,182,0,2177,0,450,98,0,0,2908
1985,3,US_Comm,Lower,0,22,26,0,241,0,6,0,0,0,295
1985,3,US_Comm,Middle,0,17,60,0,524,0,17,2,0,0,620
1985,3,US_Comm,Upper,0,2,189,0,1272,17,120,66,0,7,1673
1985,3,US_Subsistence,Lower,0,17,102,0,825,0,39,0,0,0,983
1985,3,US_Subsistence,Middle,0,5,76,0,635,0,39,2,0,0,757
1985,3,US_Subsistence,Upper,0,0,76,0,1181,1,211,95,0,38,1602
1985,4,US_Comm,Lower,0,34,30,0,63,0,2,0,0,0,129
1985,4,US_Comm,Middle,0,9,20,0,52,0,2,0,0,0,83
1985,4,US_Comm,Upper,0,0,66,0,336,3,44,3,0,0,452
1985,4,US_Subsistence,Lower,0,319,281,0,590,0,19,0,0,0,1209
1985,4,US_Subsistence,Middle,0,84,187,0,487,0,19,0,0,0,777
1985,4,US_Subsistence,Upper,0,0,618,0,3148,28,412,28,0,0,4234
1985,5,US_Comm,Upper,0,175,459,19,2006,53,576,84,0,0,3372
1985,5,US_Subsistence,Upper,0,783,2054,85,8977,237,2578,376,0,0,15090
1985,6,US_Comm,Middle,16,232,531,0,347,0,16,0,0,0,1142
1985,6,US_Sport,Middle,0,167,267,5,844,0,84,1,0,0,1368
1985,6,US_Subsistence,Middle,120,1743,3990,0,2607,0,120,0,0,0,8580
1985,7,CA_Comm,Upper,0,25,1295,0,8223,63,2590,289,0,88,12573
1985,7,CA_Subsistence,Upper,0,13,693,0,4400,34,1386,155,0,47,6728
1986,1,US_Comm,Lower,0,205,6653,0,4548,8,1329,43,0,0,12786
1986,1,US_Comm,Middle,0,190,935,0,394,7,136,5,0,0,1667
1986,1,US_Comm,Upper,0,125,8438,0,18103,222,11041,532,0,121,38582
1986,1,US_Subsistence,Lower,0,11,543,0,414,2,74,3,0,0,1047
1986,1,US_Subsistence,Middle,0,72,477,0,92,2,20,0,0,0,663
1986,1,US_Subsistence,Upper,0,15,1472,0,1441,35,548,35,0,19,3565
1986,2,US_Comm,Lower,0,398,5879,2,6004,42,2125,79,0,0,14529
1986,2,US_Comm,Middle,0,707,1595,0,603,52,220,7,0,0,3184
1986,2,US_Comm,Upper,0,438,8640,4,8556,514,5586,330,0,68,24136
1986,2,US_Subsistence,Lower,0,17,735,0,502,2,88,5,0,0,1349
1986,2,US_Subsistence,Middle,0,83,494,0,0,0,0,0,0,0,577
1986,2,US_Subsistence,Upper,0,19,1831,0,1892,46,701,44,0,24,4557
1986,3,US_Comm,Lower,0,7,127,0,148,0,52,2,0,0,336
1986,3,US_Comm,Middle,0,13,39,0,10,1,3,0,0,0,66
1986,3,US_Comm,Upper,0,6,161,0,188,10,126,6,0,2,499
1986,3,US_Subsistence,Lower,0,11,488,0,333,2,58,3,0,0,895
1986,3,US_Subsistence,Middle,0,55,328,0,0,0,0,0,0,0,383
1986,3,US_Subsistence,Upper,0,13,1216,0,1256,31,466,29,0,16,3027
1986,4,US_Comm,Lower,0,29,24,0,25,1,6,2,0,0,87
1986,4,US_Comm,Middle,18,108,8,0,17,6,4,1,0,0,162
1986,4,US_Comm,Upper,0,8,31,0,109,26,56,16,0,7,253
1986,4,US_Subsistence,Lower,0,496,410,0,428,17,103,34,0,0,1488
1986,4,US_Subsistence,Middle,308,1848,137,0,291,103,68,17,0,0,2772
1986,4,US_Subsistence,Upper,0,137,530,0,1865,445,958,274,0,120,4329
1986,5,US_Comm,Upper,82,628,189,0,935,136,562,140,0,61,2733
1986,5,US_Subsistence,Upper,478,3656,1100,0,5444,792,3272,815,0,355,15912
1986,6,US_Comm,Middle,52,396,40,0,261,64,92,38,0,7,950
1986,6,US_Sport,Middle,1,82,366,0,232,10,102,2,0,1,796
1986,6,US_Subsistence,Middle,256,1948,197,0,1284,315,453,187,0,34,4674
1986,7,CA_Comm,Upper,0,0,1661,0,4865,119,4034,59,0,59,10797
1986,7,CA_Subsistence,Upper,0,0,1472,0,4311,105,3575,52,0,52,9567
1987,1,US_Comm,Lower,0,1344,1524,11,17640,11,686,52,0,50,21318
1987,1,US_Comm,Middle,0,357,1193,11,12320,19,946,41,0,0,14887
1987,1,US_Comm,Upper,0,965,3101,11,28040,229,4961,2780,0,351,40438
1987,1,US_Subsistence,Lower,0,13,82,0,1640,0,66,9,0,0,1810
1987,1,US_Subsistence,Middle,0,9,116,0,1535,2,141,8,0,0,1811
1987,1,US_Subsistence,Upper,0,19,200,0,2308,38,530,482,0,80,3657
1987,2,US_Comm,Lower,0,352,371,11,5086,58,199,6,0,0,6083
1987,2,US_Comm,Middle,0,384,823,11,7646,61,684,11,0,0,9620
1987,2,US_Comm,Upper,0,1468,2665,11,21389,135,4777,1250,0,60,31755
1987,2,US_Subsistence,Lower,0,0,24,0,1202,0,40,2,0,0,1268
1987,2,US_Subsistence,Middle,0,0,53,0,1824,0,139,3,0,0,2019
1987,2,US_Subsistence,Upper,0,0,169,0,5074,0,962,347,0,27,6579
1987,3,US_Comm,Lower,0,9,14,1,224,4,9,0,0,0,261
1987,3,US_Comm,Middle,0,9,34,1,337,4,30,0,0,0,415
1987,3,US_Comm,Upper,0,33,109,1,944,9,207,58,0,2,1363
1987,3,US_Subsistence,Lower,0,5,36,0,854,0,33,4,0,0,932
1987,3,US_Subsistence,Middle,0,3,54,0,941,1,81,3,0,0,1083
1987,3,US_Subsistence,Upper,0,7,109,0,1886,14,392,250,0,35,2693
1987,4,US_Comm,Lower,3,29,24,1,140,2,4,1,0,0,204
1987,4,US_Comm,Middle,3,32,53,1,211,2,15,1,0,0,318
1987,4,US_Comm,Upper,3,115,173,0,590,2,102,17,0,0,1002
1987,4,US_Subsistence,Lower,14,138,114,5,666,10,19,5,0,0,971
1987,4,US_Subsistence,Middle,14,152,252,5,1003,9,71,5,0,0,1511
1987,4,US_Subsistence,Upper,14,547,823,0,2805,9,485,81,0,0,4764
1987,5,US_Comm,Upper,9,272,451,2,2524,13,455,32,0,0,3758
1987,5,US_Subsistence,Upper,43,1395,2312,13,12926,68,2331,161,0,0,19249
1987,6,US_Comm,Middle,22,450,661,6,1941,22,219,17,0,0,3338
1987,6,US_Sport,Middle,0,21,65,0,374,1,40,1,0,0,502
1987,6,US_Subsistence,Middle,32,644,946,8,2778,31,314,24,0,0,4777
1987,7,CA_Comm,Upper,0,330,851,0,3867,137,1043,467,0,55,6750
1987,7,CA_Subsistence,Upper,0,531,1370,0,6224,220,1679,752,0,88,10864
1988,1,US_Comm,Lower,0,6039,4744,96,8118,73,1702,5,0,7,20784
1988,1,US_Comm,Middle,0,332,863,25,4897,0,3190,7,0,13,9327
1988,1,US_Comm,Upper,0,3106,8328,0,4734,186,9477,630,0,537,26998
1988,1,US_Subsistence,Lower,0,17,87,0,575,6,89,0,0,0,774
1988,1,US_Subsistence,Middle,0,9,38,0,534,0,167,0,0,1,749
1988,1,US_Subsistence,Upper,0,33,463,0,307,18,1565,24,0,72,2482
1988,2,US_Comm,Lower,0,2849,2754,32,4487,20,780,3,0,9,10934
1988,2,US_Comm,Middle,0,196,178,9,2901,0,1510,1,0,6,4801
1988,2,US_Comm,Upper,0,2220,6073,3,3204,128,7373,294,0,158,19453
1988,2,US_Subsistence,Lower,0,17,71,0,513,5,132,0,0,1,739
1988,2,US_Subsistence,Middle,0,6,25,0,512,0,205,0,0,0,748
1988,2,US_Subsistence,Upper,0,47,483,0,352,14,1355,22,0,63,2336
1988,3,US_Comm,Lower,0,121,77,0,197,0,24,0,0,0,419
1988,3,US_Comm,Middle,0,0,0,0,179,0,46,0,0,0,225
1988,3,US_Comm,Upper,0,101,298,0,174,6,521,15,0,8,1123
1988,3,US_Subsistence,Lower,0,20,92,0,632,6,128,0,0,1,879
1988,3,US_Subsistence,Middle,0,9,37,0,608,0,216,0,0,0,870
1988,3,US_Subsistence,Upper,0,46,549,0,383,19,1696,27,0,78,2798
1988,4,US_Comm,Lower,49,118,56,18,337,14,38,0,0,2,632
1988,4,US_Comm,Middle,49,111,25,30,287,0,79,0,0,0,581
1988,4,US_Comm,Upper,48,559,521,0,261,46,473,8,0,30,1946
1988,4,US_Subsistence,Lower,140,337,160,51,963,40,109,0,0,6,1806
1988,4,US_Subsistence,Middle,140,317,72,86,821,0,226,0,0,0,1662
1988,4,US_Subsistence,Upper,137,1598,1489,0,746,132,1352,23,0,86,5563
1988,5,US_Comm,Upper,6,386,741,8,798,20,1329,79,0,69,3436
1988,5,US_Subsistence,Upper,32,2080,3993,43,4300,108,7161,425,0,372,18514
1988,6,US_Comm,Middle,8,219,187,0,235,0,129,3,0,5,786
1988,6,US_Sport,Middle,4,147,198,1,419,0,172,1,0,2,944
1988,6,US_Subsistence,Middle,72,1941,1564,0,1852,0,665,0,0,18,6112
1988,7,CA_Comm,Upper,0,817,2413,0,4938,111,4270,186,0,482,13217
1988,7,CA_Subsistence,Upper,0,508,1499,0,3067,69,2652,116,0,299,8210
1989,1,US_Comm,Lower,0,526,8722,0,11087,0,542,0,0,41,20918
1989,1,US_Comm,Middle,0,340,5001,0,5893,1,767,0,0,41,12043
1989,1,US_Comm,Upper,0,1937,6662,224,15411,254,3289,1189,0,437,29403
1989,1,US_Subsistence,Lower,0,2,454,0,533,0,35,0,0,5,1029
1989,1,US_Subsistence,Middle,0,4,415,0,568,0,91,0,0,5,1083
1989,1,US_Subsistence,Upper,0,21,586,0,1533,0,402,136,0,61,2739
1989,2,US_Comm,Lower,4,350,4731,0,7092,0,450,0,0,11,12638
1989,2,US_Comm,Middle,4,98,1544,0,2429,0,368,0,0,11,4454
1989,2,US_Comm,Upper,4,1386,4540,93,7092,338,1769,701,0,210,16133
1989,2,US_Subsistence,Lower,0,11,525,0,1253,0,86,0,0,0,1875
1989,2,US_Subsistence,Middle,0,7,526,0,443,0,72,0,0,0,1048
1989,2,US_Subsistence,Upper,0,137,981,12,2110,139,547,234,0,64,4224
1989,3,US_Comm,Lower,0,30,333,0,404,0,27,0,0,1,795
1989,3,US_Comm,Middle,0,7,45,0,128,0,20,0,0,1,201
1989,3,US_Comm,Upper,0,82,206,8,254,5,66,21,0,7,649
1989,3,US_Subsistence,Lower,0,7,351,0,838,0,57,0,0,0,1253
1989,3,US_Subsistence,Middle,0,5,352,0,296,0,48,0,0,0,701
1989,3,US_Subsistence,Upper,0,91,656,8,1411,93,366,156,0,43,2824
1989,4,US_Comm,Lower,65,96,496,0,437,6,0,0,0,0,1100
1989,4,US_Comm,Middle,65,15,129,0,110,6,0,0,0,0,325
1989,4,US_Comm,Upper,65,461,564,0,269,6,0,0,0,0,1365
1989,4,US_Subsistence,Lower,193,285,1472,0,1296,18,0,0,0,0,3264
1989,4,US_Subsistence,Middle,193,44,383,0,326,18,0,0,0,0,964
1989,4,US_Subsistence,Upper,193,1368,1673,0,798,18,0,0,0,0,4050
1989,5,US_Comm,Upper,11,529,877,11,1439,95,213,111,0,0,3286
1989,5,US_Subsistence,Upper,74,3562,5905,74,9689,640,1434,747,0,0,22125
1989,6,US_Comm,Middle,8,71,529,0,1257,44,249,23,0,0,2181
1989,6,US_Sport,Middle,4,43,307,4,593,2,100,0,0,0,1053
1989,6,US_Subsistence,Middle,16,137,994,0,2183,84,443,26,0,0,3883
1989,7,CA_Comm,Upper,0,96,1003,0,6479,0,2017,97,0,97,9789
1989,7,CA_Subsistence,Upper,0,80,836,0,5397,0,1680,81,0,81,8155
1990,1,US_Comm,Lower,0,2523,2945,0,6996,1,269,0,0,0,12734
1990,1,US_Comm,Middle,0,1741,3343,14,9765,0,908,0,0,0,15771
1990,1,US_Comm,Upper,0,2549,5998,311,12019,186,1498,1138,0,58,23757
1990,1,US_Subsistence,Lower,0,321,435,0,281,0,10,0,0,0,1047
1990,1,US_Subsistence,Middle,0,181,348,0,1796,0,152,0,0,0,2477
1990,1,US_Subsistence,Upper,0,412,871,44,1830,25,203,152,0,8,3545
1990,2,US_Comm,Lower,0,1596,2547,0,5421,1,231,0,0,10,9806
1990,2,US_Comm,Middle,0,631,1980,3,5377,0,637,0,0,10,8638
1990,2,US_Comm,Upper,0,3634,3852,39,5904,158,965,208,0,9,14769
1990,2,US_Subsistence,Lower,0,1057,1070,4,1675,15,70,0,0,3,3894
1990,2,US_Subsistence,Middle,0,609,837,4,1646,15,209,0,0,3,3323
1990,2,US_Subsistence,Upper,0,18,502,4,1479,15,248,60,0,3,2329
1990,3,US_Comm,Lower,0,128,214,0,462,0,15,0,0,0,819
1990,3,US_Comm,Middle,0,25,98,0,471,0,44,0,0,0,638
1990,3,US_Comm,Upper,0,215,180,0,417,4,52,16,0,0,884
1990,3,US_Subsistence,Lower,0,224,374,0,808,0,26,0,0,0,1432
1990,3,US_Subsistence,Middle,0,44,171,0,823,0,77,0,0,0,1115
1990,3,US_Subsistence,Upper,0,376,315,0,729,7,91,28,0,0,1546
1990,4,US_Comm,Lower,0,442,310,0,317,0,10,0,0,0,1079
1990,4,US_Comm,Middle,0,256,200,1,319,0,30,0,0,0,806
1990,4,US_Comm,Upper,0,831,357,14,389,2,51,9,0,0,1653
1990,4,US_Subsistence,Lower,0,1309,918,0,939,0,30,0,0,0,3196
1990,4,US_Subsistence,Middle,0,758,592,3,945,0,89,0,0,0,2387
1990,4,US_Subsistence,Upper,0,2461,1057,41,1152,6,151,27,0,0,4895
1990,5,US_Comm,Upper,0,816,1062,66,1087,106,156,56,0,16,3365
1990,5,US_Subsistence,Upper,0,3941,5129,319,5250,512,754,271,0,77,16253
1990,6,US_Comm,Middle,0,636,598,0,1619,0,117,19,0,0,2989
1990,6,US_Sport,Middle,1,105,136,1,263,0,38,0,0,0,544
1990,6,US_Subsistence,Middle,7,722,936,7,1809,0,261,0,0,0,3742
1990,7,CA_Comm,Upper,0,2746,3574,222,3658,357,525,188,0,54,11324
1990,7,CA_Subsistence,Upper,0,1916,2494,155,2553,249,367,132,0,37,7903
1991,1,US_Comm,Lower,0,321,7134,0,12371,37,984,110,0,21,20978
1991,1,US_Comm,Middle,0,381,8966,0,5156,63,975,110,0,52,15703
1991,1,US_Comm,Upper,0,15,6306,0,10407,303,2431,603,0,71,20136
1991,1,US_Subsistence,Lower,0,134,574,0,696,0,49,0,0,0,1453
1991,1,US_Subsistence,Middle,0,232,904,0,391,0,61,0,0,12,1600
1991,1,US_Subsistence,Upper,0,25,1332,0,1100,49,232,110,0,24,2872
1991,2,US_Comm,Lower,0,637,6725,0,7089,13,361,40,0,10,14875
1991,2,US_Comm,Middle,0,436,7371,0,4890,47,590,40,0,10,13384
1991,2,US_Comm,Upper,0,16,3603,14,6177,157,973,163,0,11,11114
1991,2,US_Subsistence,Lower,0,0,840,0,1138,0,52,0,0,0,2030
1991,2,US_Subsistence,Middle,0,0,1931,0,563,3,58,0,0,0,2555
1991,2,US_Subsistence,Upper,0,0,992,0,1745,43,252,0,0,0,3032
1991,3,US_Comm,Lower,0,106,496,0,466,0,30,0,0,1,1099
1991,3,US_Comm,Middle,0,63,289,0,238,1,38,0,0,1,630
1991,3,US_Comm,Upper,0,2,184,3,343,6,64,12,0,1,615
1991,3,US_Subsistence,Lower,0,144,675,0,634,0,41,0,0,1,1495
1991,3,US_Subsistence,Middle,0,86,393,0,324,1,52,0,0,1,857
1991,3,US_Subsistence,Upper,0,3,250,4,466,8,87,16,0,1,835
1991,4,US_Comm,Lower,0,609,918,0,320,0,8,0,0,0,1855
1991,4,US_Comm,Middle,0,362,535,0,164,2,10,0,0,0,1073
1991,4,US_Comm,Upper,0,11,340,0,236,15,17,35,0,0,654
1991,4,US_Subsistence,Lower,0,1749,2637,0,919,0,23,0,0,0,5328
1991,4,US_Subsistence,Middle,0,1040,1537,0,471,6,29,0,0,0,3083
1991,4,US_Subsistence,Upper,0,31,977,0,678,43,49,100,0,0,1878
1991,5,US_Comm,Upper,0,203,1923,27,1399,44,219,11,0,0,3826
1991,5,US_Subsistence,Upper,0,862,8166,115,5941,187,930,47,0,0,16248
1991,6,US_Comm,Middle,0,299,745,0,119,0,0,0,0,0,1163
1991,6,US_Sport,Middle,1,64,387,0,271,1,48,0,0,1,773
1991,6,US_Subsistence,Middle,0,900,2247,0,360,0,0,0,0,0,3507
1991,7,CA_Comm,Upper,0,579,5482,77,3988,125,624,31,0,0,10906
1991,7,CA_Subsistence,Upper,0,515,4876,68,3547,112,555,28,0,0,9701
1992,1,US_Comm,Lower,0,1384,4361,0,10182,1,1016,0,0,2,16946
1992,1,US_Comm,Middle,0,1268,1395,0,11247,21,235,17,0,2,14185
1992,1,US_Comm,Upper,0,242,5856,0,36292,76,1315,228,0,2,44011
1992,1,US_Subsistence,Lower,0,36,197,0,584,0,47,0,0,0,864
1992,1,US_Subsistence,Middle,0,47,72,0,413,0,6,1,0,0,539
1992,1,US_Subsistence,Upper,0,5,300,0,3297,0,107,29,0,0,3738
1992,2,US_Comm,Lower,0,672,2819,3,4487,0,402,0,0,0,8383
1992,2,US_Comm,Middle,0,652,1185,5,8719,11,173,19,0,0,10764
1992,2,US_Comm,Upper,0,51,2337,0,15721,36,628,189,0,30,18992
1992,2,US_Subsistence,Lower,0,14,197,0,688,0,64,0,0,0,963
1992,2,US_Subsistence,Middle,0,59,233,0,1774,0,31,6,0,0,2103
1992,2,US_Subsistence,Upper,0,3,284,0,3483,0,131,70,0,37,4008
1992,3,US_Comm,Lower,0,7,74,0,185,0,18,0,0,0,284
1992,3,US_Comm,Middle,0,28,108,1,623,0,15,2,0,0,777
1992,3,US_Comm,Upper,0,0,68,0,650,0,35,5,0,0,758
1992,3,US_Subsistence,Lower,0,18,194,0,486,0,47,0,0,0,745
1992,3,US_Subsistence,Middle,0,74,283,3,1635,0,39,5,0,0,2039
1992,3,US_Subsistence,Upper,0,0,178,0,1706,0,92,13,0,0,1989
1992,4,US_Comm,Lower,9,154,279,0,76,0,15,0,0,0,533
1992,4,US_Comm,Middle,9,616,406,0,256,0,13,0,0,0,1300
1992,4,US_Comm,Upper,9,0,256,0,267,0,29,0,0,0,561
1992,4,US_Subsistence,Lower,27,466,844,0,230,0,45,0,0,0,1612
1992,4,US_Subsistence,Middle,27,1863,1228,0,774,0,39,0,0,0,3931
1992,4,US_Subsistence,Upper,27,0,774,0,807,0,88,0,0,0,1696
1992,5,US_Comm,Upper,0,580,1318,0,1918,26,13,0,0,0,3855
1992,5,US_Subsistence,Upper,0,2656,6035,0,8783,119,60,0,0,0,17653
1992,6,US_Comm,Middle,18,408,204,4,151,0,0,0,0,0,785
1992,6,US_Sport,Middle,6,150,102,1,167,1,3,1,0,0,431
1992,6,US_Subsistence,Middle,85,1945,975,20,721,0,0,0,0,0,3746
1992,7,CA_Comm,Upper,0,1636,3719,0,5412,73,37,0,0,0,10877
1992,7,CA_Subsistence,Upper,0,1057,2402,0,3496,47,24,0,0,0,7026
1993,1,US_Comm,Lower,0,820,1739,0,13428,0,741,0,0,4,16732
1993,1,US_Comm,Middle,0,1761,5237,0,6163,56,245,0,0,4,13466
1993,1,US_Comm,Upper,0,157,3902,0,12570,145,3205,513,0,4,20496
1993,1,US_Subsistence,Lower,0,7,274,0,1888,0,96,0,0,7,2272
1993,1,US_Subsistence,Middle,0,74,1222,0,1592,7,59,0,0,7,2961
1993,1,US_Subsistence,Upper,0,7,1207,0,3139,15,726,89,0,7,5190
1993,2,US_Comm,Lower,5,608,1941,0,8375,0,507,0,0,4,11440
1993,2,US_Comm,Middle,14,1134,2246,0,5080,50,182,0,0,4,8710
1993,2,US_Comm,Upper,5,227,4386,0,9891,111,2327,356,0,4,17307
1993,2,US_Subsistence,Lower,0,8,303,0,2086,0,106,0,0,8,2511
1993,2,US_Subsistence,Middle,0,82,1350,0,1759,8,65,0,0,8,3272
1993,2,US_Subsistence,Upper,0,8,1333,0,3468,16,802,98,0,8,5733
1993,3,US_Comm,Lower,0,20,71,0,359,0,20,0,0,0,470
1993,3,US_Comm,Middle,1,42,87,0,217,3,7,0,0,0,357
1993,3,US_Comm,Upper,0,7,127,0,438,5,90,7,0,0,674
1993,3,US_Subsistence,Lower,0,5,170,0,1173,0,60,0,0,4,1412
1993,3,US_Subsistence,Middle,0,46,759,0,989,4,37,0,0,4,1839
1993,3,US_Subsistence,Upper,0,4,750,0,1950,9,451,55,0,4,3223
1993,4,US_Comm,Lower,0,205,105,3,133,0,4,0,0,0,450
1993,4,US_Comm,Middle,23,431,130,3,81,4,1,0,0,0,673
1993,4,US_Comm,Upper,0,72,189,3,162,8,20,0,0,0,454
1993,4,US_Subsistence,Lower,0,1506,771,22,977,0,29,0,0,0,3305
1993,4,US_Subsistence,Middle,169,3165,955,22,595,29,7,0,0,0,4942
1993,4,US_Subsistence,Upper,0,529,1388,22,1190,59,147,0,0,0,3335
1993,5,US_Comm,Upper,0,922,921,0,992,11,123,34,0,5,3008
1993,5,US_Subsistence,Upper,0,5945,5939,0,6396,71,793,219,0,32,19395
1993,6,US_Comm,Middle,31,685,424,0,299,0,6,0,0,0,1445
1993,6,US_Sport,Middle,12,488,682,0,495,1,17,0,0,0,1695
1993,6,US_Subsistence,Middle,132,2949,1877,0,1326,0,27,0,0,0,6311
1993,7,CA_Comm,Upper,0,3173,3169,0,3413,38,423,117,0,17,10350
1993,7,CA_Subsistence,Upper,0,1919,1917,0,2065,23,256,71,0,10,6261
1994,1,US_Comm,Lower,1,978,6962,0,7302,0,534,0,0,29,15806
1994,1,US_Comm,Middle,1,219,2880,0,9516,14,384,0,0,0,13014
1994,1,US_Comm,Upper,1,188,15525,0,17131,63,1807,262,0,5,34982
1994,1,US_Subsistence,Lower,4,47,426,0,469,0,43,0,0,0,989
1994,1,US_Subsistence,Middle,4,22,409,0,1087,0,56,0,0,0,1578
1994,1,US_Subsistence,Upper,4,21,1914,0,1880,0,247,21,0,0,4087
1994,2,US_Comm,Lower,0,199,6324,0,5048,0,400,0,0,0,11971
1994,2,US_Comm,Middle,0,110,3224,0,6241,11,241,0,0,0,9827
1994,2,US_Comm,Upper,0,56,7979,0,10693,41,1091,0,0,104,19964
1994,2,US_Subsistence,Lower,5,64,578,0,637,0,58,0,0,0,1342
1994,2,US_Subsistence,Middle,5,30,555,0,1476,0,76,0,0,0,2142
1994,2,US_Subsistence,Upper,5,29,2599,0,2553,0,335,0,0,29,5550
1994,3,US_Comm,Lower,0,6,138,0,109,0,6,0,0,0,259
1994,3,US_Comm,Middle,0,5,151,0,191,0,6,0,0,0,353
1994,3,US_Comm,Upper,0,2,199,0,272,1,21,7,0,0,502
1994,3,US_Subsistence,Lower,0,31,726,0,573,0,32,0,0,0,1362
1994,3,US_Subsistence,Middle,0,26,794,0,1004,0,32,0,0,0,1856
1994,3,US_Subsistence,Upper,0,10,1047,0,1430,5,111,37,0,0,2640
1994,4,US_Comm,Lower,5,91,441,0,123,0,7,0,0,0,667
1994,4,US_Comm,Middle,5,73,483,0,216,0,7,0,0,0,784
1994,4,US_Comm,Upper,5,18,636,0,308,0,25,0,0,0,992
1994,4,US_Subsistence,Lower,21,381,1825,0,509,0,29,0,0,0,2765
1994,4,US_Subsistence,Middle,21,302,1999,0,894,0,29,0,0,0,3245
1994,4,US_Subsistence,Upper,21,74,2632,0,1275,0,99,0,0,0,4101
1994,5,US_Comm,Upper,17,485,2150,0,976,0,116,0,0,0,3744
1994,5,US_Subsistence,Upper,87,2475,10970,0,4980,0,592,0,0,0,19104
1994,6,US_Comm,Middle,145,376,1115,0,912,0,58,0,0,0,2606
1994,6,US_Sport,Middle,8,63,932,0,1185,6,87,0,0,0,2281
1994,6,US_Subsistence,Middle,211,549,1627,0,1330,0,85,0,0,0,3802
1994,7,CA_Comm,Upper,55,1558,6907,0,3135,0,373,0,0,0,12028
1994,7,CA_Subsistence,Upper,42,1190,5277,0,2396,0,285,0,0,0,9190
1995,1,US_Comm,Lower,0,1679,2809,0,14633,34,501,8,0,18,19682
1995,1,US_Comm,Middle,0,428,1604,0,17304,34,600,206,0,18,20194
1995,1,US_Comm,Upper,0,485,4596,0,31136,34,2031,8,0,18,38308
1995,1,US_Subsistence,Lower,0,0,0,0,771,5,10,0,0,0,786
1995,1,US_Subsistence,Middle,0,29,39,0,644,5,9,0,0,0,726
1995,1,US_Subsistence,Upper,0,67,455,0,3796,5,125,0,0,0,4448
1995,2,US_Comm,Lower,6,1303,1180,86,4027,47,54,2,0,0,6705
1995,2,US_Comm,Middle,28,565,1332,86,6746,47,119,410,0,0,9333
1995,2,US_Comm,Upper,6,103,2297,86,22146,47,807,2,0,0,25494
1995,2,US_Subsistence,Lower,0,66,92,64,697,16,20,0,0,0,955
1995,2,US_Subsistence,Middle,0,62,202,64,2074,16,62,209,0,0,2689
1995,2,US_Subsistence,Upper,0,14,226,64,4729,16,344,0,0,0,5393
1995,3,US_Comm,Lower,0,0,0,0,0,0,0,0,0,0,0
1995,3,US_Comm,Middle,0,0,0,0,0,0,0,0,0,0,0
1995,3,US_Comm,Upper,0,0,0,0,0,0,0,0,0,0,0
1995,3,US_Subsistence,Lower,0,24,33,23,530,8,11,0,0,0,629
1995,3,US_Subsistence,Middle,0,33,87,23,982,8,26,76,0,0,1235
1995,3,US_Subsistence,Upper,0,29,246,23,3080,8,169,0,0,0,3555
1995,4,US_Comm,Lower,0,127,36,0,48,1,2,0,0,0,214
1995,4,US_Comm,Middle,0,31,26,0,101,1,7,0,0,0,166
1995,4,US_Comm,Upper,0,0,11,0,91,1,16,0,0,0,119
1995,4,US_Subsistence,Lower,0,1548,375,0,782,16,33,0,0,0,2754
1995,4,US_Subsistence,Middle,0,1026,554,0,1645,16,114,0,0,0,3355
1995,4,US_Subsistence,Upper,0,0,261,0,0,1483,16,261,0,0,2021
1995,5,US_Comm,Upper,0,454,859,0,1845,10,61,13,0,0,3242
1995,5,US_Subsistence,Upper,0,2301,4354,0,9351,51,309,66,0,0,16432
1995,6,US_Comm,Middle,0,793,479,0,1364,0,111,0,0,0,2747
1995,6,US_Sport,Middle,2,248,538,0,1653,0,72,12,0,0,2525
1995,6,US_Subsistence,Middle,0,1142,690,0,1964,0,160,0,0,0,3956
1995,7,CA_Comm,Upper,0,1561,2953,0,6343,34,210,45,0,0,11146
1995,7,CA_Subsistence,Upper,0,1364,2581,0,5544,30,183,39,0,0,9741
1996,1,US_Comm,Lower,0,178,2127,0,8202,0,5363,12,0,72,15954
1996,1,US_Comm,Middle,6,423,6110,0,369,0,613,0,0,48,7569
1996,1,US_Comm,Upper,0,65,13306,0,13174,232,7901,91,0,48,34817
1996,1,US_Subsistence,Lower,0,6,171,0,0,460,0,399,0,3,1039
1996,1,US_Subsistence,Middle,0,10,325,0,0,0,0,0,0,0,335
1996,1,US_Subsistence,Upper,0,2,1021,0,0,684,11,535,0,19,2272
1996,2,US_Comm,Lower,5,50,861,0,4808,1,2926,17,0,135,8803
1996,2,US_Comm,Middle,11,105,1484,0,120,0,189,0,0,1,1910
1996,2,US_Comm,Upper,1,46,11980,0,4409,178,2802,79,0,1,19496
1996,2,US_Subsistence,Lower,0,0,0,0,1524,0,963,6,0,84,2577
1996,2,US_Subsistence,Middle,0,27,376,0,0,0,0,0,0,0,403
1996,2,US_Subsistence,Upper,0,16,3567,0,753,21,428,15,0,0,4800
1996,3,US_Comm,Lower,0,0,0,0,0,0,0,0,0,0,0
1996,3,US_Comm,Middle,0,0,0,0,0,0,0,0,0,0,0
1996,3,US_Comm,Upper,0,0,0,0,0,0,0,0,0,0,0
1996,3,US_Subsistence,Lower,0,4,101,0,1178,0,808,5,0,50,2146
1996,3,US_Subsistence,Middle,0,22,416,0,0,0,0,0,0,0,438
1996,3,US_Subsistence,Upper,0,11,2724,0,853,19,572,20,0,0,4199
1996,4,US_Comm,Lower,0,0,3,0,32,0,11,1,0,0,47
1996,4,US_Comm,Middle,0,0,5,0,1,0,0,0,0,0,6
1996,4,US_Comm,Upper,0,0,38,0,29,0,11,6,0,0,84
1996,4,US_Subsistence,Lower,0,0,147,0,1832,0,660,73,0,0,2712
1996,4,US_Subsistence,Middle,0,0,293,0,73,0,0,0,0,0,366
1996,4,US_Subsistence,Upper,0,0,2198,0,1686,0,660,366,0,0,4910
1996,5,US_Comm,Upper,0,129,1776,14,613,82,123,20,0,0,2757
1996,5,US_Subsistence,Upper,0,728,10026,79,3460,463,694,113,0,0,15563
1996,6,US_Comm,Middle,67,154,195,0,21,0,10,0,0,0,447
1996,6,US_Sport,Middle,74,199,1313,0,823,0,742,0,0,0,3151
1996,6,US_Subsistence,Middle,264,607,768,0,83,0,39,0,0,0,1761
1996,7,CA_Comm,Upper,0,712,4782,0,3860,0,810,0,0,0,10164
1996,7,CA_Subsistence,Upper,0,666,4473,0,3611,0,758,0,0,0,9508
1997,1,US_Comm,Lower,0,2928,2879,0,18962,0,89,0,0,0,24858
1997,1,US_Comm,Middle,0,574,604,0,12170,0,251,0,0,0,13599
1997,1,US_Comm,Upper,0,200,4414,0,25254,0,828,42,0,0,30738
1997,1,US_Subsistence,Lower,0,176,209,0,2170,0,10,0,0,0,2565
1997,1,US_Subsistence,Middle,0,4,4,0,1138,0,25,0,0,0,1171
1997,1,US_Subsistence,Upper,0,39,776,0,2875,0,101,23,0,0,3814
1997,2,US_Comm,Lower,0,1271,1203,0,11396,0,32,0,0,0,13902
1997,2,US_Comm,Middle,0,9,3,0,5286,0,67,0,0,0,5365
1997,2,US_Comm,Upper,0,343,3291,0,16126,0,304,32,0,0,20096
1997,2,US_Subsistence,Lower,0,0,0,0,2377,0,4,0,0,0,2381
1997,2,US_Subsistence,Middle,0,0,0,0,974,0,6,0,0,0,980
1997,2,US_Subsistence,Upper,0,188,973,0,4775,0,53,0,0,0,5989
1997,3,US_Comm,Lower,0,0,0,0,0,0,0,0,0,0,0
1997,3,US_Comm,Middle,0,0,0,0,0,0,0,0,0,0,0
1997,3,US_Comm,Upper,0,0,0,0,0,0,0,0,0,0,0
1997,3,US_Subsistence,Lower,0,90,107,0,1732,0,6,0,0,0,1935
1997,3,US_Subsistence,Middle,0,2,2,0,837,0,14,0,0,0,855
1997,3,US_Subsistence,Upper,0,69,652,0,2723,0,65,12,0,0,3521
1997,4,US_Comm,Lower,0,106,74,0,360,0,1,0,0,0,541
1997,4,US_Comm,Middle,0,1,0,0,167,0,2,0,0,0,170
1997,4,US_Comm,Upper,0,28,200,0,509,0,9,0,0,0,746
1997,4,US_Subsistence,Lower,0,830,580,0,2820,0,8,0,0,0,4238
1997,4,US_Subsistence,Middle,0,8,0,0,1308,0,16,0,0,0,1332
1997,4,US_Subsistence,Upper,0,219,1567,0,3988,0,71,0,0,0,5845
1997,5,US_Comm,Upper,0,372,650,0,2453,21,85,97,0,0,3678
1997,5,US_Subsistence,Upper,0,1794,3134,0,11828,101,410,468,0,0,17735
1997,6,US_Comm,Middle,0,1545,510,0,673,0,0,0,0,0,2728
1997,6,US_Sport,Middle,2,451,267,0,1165,0,27,1,0,0,1913
1997,6,US_Subsistence,Middle,0,2226,735,0,969,0,0,0,0,0,3930
1997,7,CA_Comm,Upper,0,537,939,0,3542,30,123,140,0,0,5311
1997,7,CA_Subsistence,Upper,0,1135,1982,0,7481,64,259,296,0,0,11217
1998,1,US_Comm,Lower,0,927,7948,0,3236,2,426,5,0,3,12547
1998,1,US_Comm,Middle,0,84,2165,0,246,0,65,0,0,3,2563
1998,1,US_Comm,Upper,0,36,4159,0,5534,21,1399,29,0,3,11181
1998,1,US_Subsistence,Lower,0,83,1872,0,742,0,91,0,0,0,2788
1998,1,US_Subsistence,Middle,0,8,577,0,148,0,41,0,0,0,774
1998,1,US_Subsistence,Upper,0,0,726,0,2343,17,569,25,0,0,3680
1998,2,US_Comm,Lower,0,543,6627,0,2251,3,283,5,0,0,9712
1998,2,US_Comm,Middle,0,26,1274,0,181,0,42,0,0,0,1523
1998,2,US_Comm,Upper,0,9,1983,0,2847,16,750,14,0,0,5619
1998,2,US_Subsistence,Lower,0,108,2444,0,969,0,119,0,0,0,3640
1998,2,US_Subsistence,Middle,0,10,753,0,193,0,54,0,0,0,1010
1998,2,US_Subsistence,Upper,0,0,948,0,3059,22,743,33,0,0,4805
1998,3,US_Comm,Lower,0,0,0,0,0,0,0,0,0,0,0
1998,3,US_Comm,Middle,0,0,0,0,0,0,0,0,0,0,0
1998,3,US_Comm,Upper,0,0,0,0,0,0,0,0,0,0,0
1998,3,US_Subsistence,Lower,0,52,1167,0,463,0,57,0,0,0,1739
1998,3,US_Subsistence,Middle,0,5,359,0,92,0,26,0,0,0,482
1998,3,US_Subsistence,Upper,0,0,452,0,1460,10,355,16,0,0,2293
1998,4,US_Comm,Lower,0,0,0,0,0,0,0,0,0,0,0
1998,4,US_Comm,Middle,0,0,0,0,0,0,0,0,0,0,0
1998,4,US_Comm,Upper,0,0,0,0,0,0,0,0,0,0,0
1998,4,US_Subsistence,Lower,0,145,2387,0,1596,3,189,7,0,6,4333
1998,4,US_Subsistence,Middle,0,53,3516,0,2740,0,701,0,0,6,7016
1998,4,US_Subsistence,Upper,0,4,936,0,2604,30,606,43,0,6,4229
1998,5,US_Comm,Upper,0,8,258,0,185,0,66,0,0,0,517
1998,5,US_Subsistence,Upper,0,226,7297,0,5233,0,1867,0,0,0,14623
1998,6,US_Comm,Middle,5,69,801,0,88,0,0,0,0,0,963
1998,6,US_Sport,Middle,18,66,1083,0,279,0,54,0,0,0,1500
1998,6,US_Subsistence,Middle,14,192,2227,0,245,0,0,0,0,0,2678
1998,7,CA_Comm,Upper,0,13,193,0,143,0,41,0,0,0,390
1998,7,CA_Subsistence,Upper,0,185,2745,0,2034,0,583,0,0,0,5547
1999,1,US_Comm,Lower,0,739,3663,0,20234,10,283,47,0,0,24976
1999,1,US_Comm,Middle,0,31,324,0,1340,10,16,47,0,0,1768
1999,1,US_Comm,Upper,0,24,1624,0,9562,10,199,47,0,0,11466
1999,1,US_Subsistence,Lower,0,40,350,0,3623,6,32,6,0,0,4057
1999,1,US_Subsistence,Middle,0,12,142,0,311,6,2,6,0,0,479
1999,1,US_Subsistence,Upper,0,1,209,0,2062,5,30,5,0,0,2312
1999,2,US_Comm,Lower,0,557,2009,0,11754,8,188,40,0,0,14556
1999,2,US_Comm,Middle,0,45,177,0,534,8,8,39,0,0,811
1999,2,US_Comm,Upper,0,28,1543,0,10017,8,287,39,0,0,11922
1999,2,US_Subsistence,Lower,0,136,349,0,3902,0,69,0,0,0,4456
1999,2,US_Subsistence,Middle,0,30,112,0,142,0,2,0,0,0,286
1999,2,US_Subsistence,Upper,0,15,618,0,4930,0,134,0,0,0,5697
1999,3,US_Comm,Lower,0,11,56,0,287,1,4,1,0,0,360
1999,3,US_Comm,Middle,0,0,2,0,16,0,0,1,0,0,19
1999,3,US_Comm,Upper,0,0,31,0,125,0,2,1,0,0,159
1999,3,US_Subsistence,Lower,0,101,258,0,2883,0,51,0,0,0,3293
1999,3,US_Subsistence,Middle,0,22,83,0,105,0,2,0,0,0,212
1999,3,US_Subsistence,Upper,0,11,457,0,3643,0,99,0,0,0,4210
1999,4,US_Comm,Lower,0,101,99,0,198,0,3,0,0,0,401
1999,4,US_Comm,Middle,0,47,63,0,35,0,0,0,0,0,145
1999,4,US_Comm,Upper,0,39,257,0,584,0,11,0,0,0,891
1999,4,US_Subsistence,Lower,0,66,565,0,2014,0,44,0,0,0,2689
1999,4,US_Subsistence,Middle,0,66,339,0,351,0,0,0,0,0,756
1999,4,US_Subsistence,Upper,0,66,1413,0,5912,0,88,0,0,0,7479
1999,5,US_Comm,Upper,0,224,914,0,1414,0,52,0,0,0,2604
1999,5,US_Subsistence,Upper,0,1219,4973,0,7693,0,283,0,0,0,14168
1999,6,US_Comm,Middle,0,113,298,0,278,0,0,0,0,0,689
1999,6,US_Sport,Middle,0,74,250,0,697,0,2,0,0,0,1023
1999,6,US_Subsistence,Middle,100,618,717,0,956,0,40,0,0,0,2431
1999,7,CA_Comm,Upper,0,0,616,0,2504,0,20,20,0,0,3160
1999,7,CA_Subsistence,Upper,0,1,1799,0,7378,0,60,57,0,0,9295
2000,1,US_Comm,Lower,0,40,918,0,1877,0,79,7,0,0,2921
2000,1,US_Comm,Middle,0,14,74,0,379,0,80,7,0,0,554
2000,1,US_Comm,Upper,0,2,377,0,958,0,191,7,0,0,1535
2000,1,US_Subsistence,Lower,0,46,804,0,1975,0,62,10,0,0,2897
2000,1,US_Subsistence,Middle,0,17,67,0,528,0,91,10,0,0,713
2000,1,US_Subsistence,Upper,0,4,647,0,1391,0,229,10,0,0,2281
2000,2,US_Comm,Lower,0,20,771,0,1194,0,51,11,0,0,2047
2000,2,US_Comm,Middle,0,8,48,0,542,0,127,10,0,0,735
2000,2,US_Comm,Upper,0,1,418,0,729,0,165,10,0,0,1323
2000,2,US_Subsistence,Lower,0,89,1827,0,3329,7,163,7,0,0,5422
2000,2,US_Subsistence,Middle,0,26,131,0,1005,7,260,7,0,0,1436
2000,2,US_Subsistence,Upper,0,5,829,0,1794,7,435,7,0,0,3077
2000,3,US_Comm,Lower,0,0,0,0,0,0,0,0,0,0,0
2000,3,US_Comm,Middle,0,0,0,0,0,0,0,0,0,0,0
2000,3,US_Comm,Upper,0,0,0,0,0,0,0,0,0,0,0
2000,3,US_Subsistence,Lower,0,31,852,0,1207,0,64,5,0,0,2159
2000,3,US_Subsistence,Middle,0,9,61,0,364,0,102,5,0,0,541
2000,3,US_Subsistence,Upper,0,2,387,0,651,0,170,4,0,0,1214
2000,4,US_Comm,Lower,0,0,0,0,0,0,0,0,0,0,0
2000,4,US_Comm,Middle,0,0,0,0,0,0,0,0,0,0,0
2000,4,US_Comm,Upper,0,0,0,0,0,0,0,0,0,0,0
2000,4,US_Subsistence,Lower,0,100,675,0,723,0,45,0,0,0,1543
2000,4,US_Subsistence,Middle,0,9,16,0,158,0,53,0,0,0,236
2000,4,US_Subsistence,Upper,0,28,1541,0,1807,0,586,0,0,0,3962
2000,5,US_Comm,Upper,0,0,0,0,0,0,0,0,0,0,0
2000,5,US_Subsistence,Upper,0,62,3404,0,3991,0,1294,0,0,0,8751
2000,6,US_Comm,Middle,0,0,0,0,0,0,0,0,0,0,0
2000,6,US_Sport,Middle,1,71,112,0,82,0,11,0,0,0,277
2000,6,US_Subsistence,Middle,0,64,114,0,1128,0,378,0,0,0,1684
2000,7,CA_Comm,Upper,0,22,1007,0,16,2554,0,519,0,0,4118
2000,7,CA_Subsistence,Upper,0,4,186,0,3,472,0,96,0,0,761
2001,1,US_Comm,Lower,0,0,0,0,0,0,0,0,0,0,0
2001,1,US_Comm,Middle,0,0,0,0,0,0,0,0,0,0,0
2001,1,US_Comm,Upper,0,0,0,0,0,0,0,0,0,0,0
2001,1,US_Subsistence,Lower,0,300,705,0,3096,0,281,4,0,0,4386
2001,1,US_Subsistence,Middle,0,94,469,0,434,0,47,3,0,0,1047
2001,1,US_Subsistence,Upper,0,5,409,0,1046,0,193,3,0,0,1656
2001,2,US_Comm,Lower,0,0,0,0,0,0,0,0,0,0,0
2001,2,US_Comm,Middle,0,0,0,0,0,0,0,0,0,0,0
2001,2,US_Comm,Upper,0,0,0,0,0,0,0,0,0,0,0
2001,2,US_Subsistence,Lower,0,83,839,0,7021,0,578,0,0,0,8521
2001,2,US_Subsistence,Middle,0,26,558,0,984,0,97,0,0,0,1665
2001,2,US_Subsistence,Upper,0,1,486,0,2372,0,397,0,0,0,3256
2001,3,US_Comm,Lower,0,0,0,0,0,0,0,0,0,0,0
2001,3,US_Comm,Middle,0,0,0,0,0,0,0,0,0,0,0
2001,3,US_Comm,Upper,0,0,0,0,0,0,0,0,0,0,0
2001,3,US_Subsistence,Lower,0,88,486,0,3265,0,172,3,0,0,4014
2001,3,US_Subsistence,Middle,0,28,323,0,458,0,29,3,0,0,841
2001,3,US_Subsistence,Upper,0,1,282,0,1103,0,118,2,0,0,1506
2001,4,US_Comm,Lower,0,0,0,0,0,0,0,0,0,0,0
2001,4,US_Comm,Middle,0,0,0,0,0,0,0,0,0,0,0
2001,4,US_Comm,Upper,0,0,0,0,0,0,0,0,0,0,0
2001,4,US_Subsistence,Lower,10,569,1034,0,1442,21,107,11,0,0,3194
2001,4,US_Subsistence,Middle,22,192,743,0,1839,21,164,11,0,0,2992
2001,4,US_Subsistence,Upper,0,11,733,0,2253,21,340,11,0,0,3369
2001,5,US_Comm,Upper,0,0,0,0,0,0,0,0,0,0,0
2001,5,US_Subsistence,Upper,0,3315,5894,0,4329,0,0,0,0,0,13538
2001,6,US_Comm,Middle,0,0,0,0,0,0,0,0,0,0,0
2001,6,US_Sport,Middle,3,56,192,0,294,0,26,0,0,0,571
2001,6,US_Subsistence,Middle,0,489,1747,0,838,0,0,0,0,0,3074
2001,7,CA_Comm,Upper,0,4,431,0,845,0,71,0,0,0,1351
2001,7,CA_Subsistence,Upper,0,25,2775,0,5479,0,466,0,0,0,8745
2002,1,US_Comm,Lower,0,309,1457,0,3502,0,546,4,0,0,5818
2002,1,US_Comm,Middle,0,92,211,0,1069,0,359,4,0,0,1735
2002,1,US_Comm,Upper,0,14,568,0,2407,0,535,4,0,0,3528
2002,1,US_Subsistence,Lower,0,487,781,0,214,0,26,0,0,0,1508
2002,1,US_Subsistence,Middle,0,543,355,0,1052,0,275,0,0,0,2225
2002,1,US_Subsistence,Upper,0,78,936,0,730,0,126,0,0,0,1870
2002,2,US_Comm,Lower,0,105,758,0,2292,0,331,0,0,0,3486
2002,2,US_Comm,Middle,0,270,954,0,2897,0,894,0,0,0,5015
2002,2,US_Comm,Upper,0,18,1153,0,1469,0,293,0,0,0,2933
2002,2,US_Subsistence,Lower,0,140,614,0,596,0,88,0,0,0,1438
2002,2,US_Subsistence,Middle,0,156,279,0,2929,0,935,0,0,0,4299
2002,2,US_Subsistence,Upper,0,22,735,0,2032,0,428,0,0,0,3217
2002,3,US_Comm,Lower,0,0,0,0,0,0,0,0,0,0,0
2002,3,US_Comm,Middle,0,0,0,0,0,0,0,0,0,0,0
2002,3,US_Comm,Upper,0,0,0,0,0,0,0,0,0,0,0
2002,3,US_Subsistence,Lower,0,80,357,0,281,0,24,0,0,0,742
2002,3,US_Subsistence,Middle,0,89,162,0,1379,0,253,0,0,0,1883
2002,3,US_Subsistence,Upper,0,13,428,0,957,0,116,0,0,0,1514
2002,4,US_Comm,Lower,0,0,0,0,0,0,0,0,0,0,0
2002,4,US_Comm,Middle,0,0,0,0,0,0,0,0,0,0,0
2002,4,US_Comm,Upper,0,0,0,0,0,0,0,0,0,0,0
2002,4,US_Subsistence,Lower,0,514,864,0,462,0,63,0,0,0,1903
2002,4,US_Subsistence,Middle,0,887,608,0,2042,0,597,0,0,0,4134
2002,4,US_Subsistence,Upper,0,74,934,0,1609,0,310,0,0,0,2927
2002,5,US_Comm,Upper,0,67,252,0,396,0,56,0,0,0,771
2002,5,US_Subsistence,Upper,0,1111,4409,0,6846,0,932,0,0,0,13298
2002,6,US_Comm,Middle,0,94,389,0,305,0,43,0,0,5,836
2002,6,US_Sport,Middle,0,203,838,0,644,0,94,0,0,9,1788
2002,6,US_Subsistence,Middle,0,147,125,0,185,0,23,0,0,0,480
2002,7,CA_Comm,Upper,0,76,269,0,269,4,86,4,0,0,708
2002,7,CA_Subsistence,Upper,1,908,3265,0,3316,47,1037,47,0,0,8621
2003,1,US_Comm,Lower,3,51,1666,0,1800,0,78,0,0,9,3607
2003,1,US_Comm,Middle,4,49,2931,0,1816,0,315,0,0,9,5124
2003,1,US_Comm,Upper,0,5,1497,0,11632,0,1452,0,0,9,14595
2003,1,US_Subsistence,Lower,0,49,212,0,0,0,0,0,0,0,261
2003,1,US_Subsistence,Middle,0,189,1459,0,1827,0,208,0,0,0,3683
2003,1,US_Subsistence,Upper,0,11,767,0,1454,0,156,0,0,0,2388
2003,2,US_Comm,Lower,0,27,352,0,1529,0,65,0,0,0,1973
2003,2,US_Comm,Middle,0,81,1594,0,3451,0,535,0,0,0,5661
2003,2,US_Comm,Upper,0,16,2482,0,3668,0,482,0,0,0,6648
2003,2,US_Subsistence,Lower,0,75,792,0,35,0,1,0,0,0,903
2003,2,US_Subsistence,Middle,0,289,2083,0,1129,0,120,0,0,0,3621
2003,2,US_Subsistence,Upper,0,17,846,0,3845,0,436,0,0,0,5144
2003,3,US_Comm,Lower,0,0,0,0,0,0,0,0,0,0,0
2003,3,US_Comm,Middle,0,0,0,0,0,0,0,0,0,0,0
2003,3,US_Comm,Upper,0,0,0,0,0,0,0,0,0,0,0
2003,3,US_Subsistence,Lower,0,6,84,0,364,0,14,0,0,2,470
2003,3,US_Subsistence,Middle,0,21,526,0,1739,0,223,0,0,2,2511
2003,3,US_Subsistence,Upper,0,2,474,0,1378,0,166,0,0,1,2021
2003,4,US_Comm,Lower,2,27,32,0,0,0,0,0,0,0,61
2003,4,US_Comm,Middle,13,102,216,0,64,0,14,0,0,0,409
2003,4,US_Comm,Upper,0,3,61,0,23,0,5,0,0,0,92
2003,4,US_Subsistence,Lower,0,21,57,0,39,0,2,0,0,0,119
2003,4,US_Subsistence,Middle,0,317,1579,0,799,0,154,0,0,0,2849
2003,4,US_Subsistence,Upper,0,36,1589,0,6079,0,1106,93,0,0,8903
2003,5,US_Comm,Upper,0,56,394,0,595,3,77,9,0,0,1134
2003,5,US_Subsistence,Upper,0,1139,6982,0,9459,0,1337,99,0,0,19016
2003,6,US_Comm,Middle,18,208,748,0,722,4,108,5,0,0,1813
2003,6,US_Sport,Middle,41,419,1437,0,1304,9,203,11,0,0,3424
2003,6,US_Subsistence,Middle,4,123,967,0,894,0,148,0,0,0,2136
2003,7,CA_Comm,Upper,0,12,717,0,1666,4,260,13,0,0,2672
2003,7,CA_Subsistence,Upper,0,30,1865,0,4332,9,677,34,0,0,6947
2004,1,US_Comm,Lower,2,1002,2507,16,5487,0,133,0,0,0,9147
2004,1,US_Comm,Middle,2,378,810,16,4640,0,81,0,0,0,5927
2004,1,US_Comm,Upper,0,439,2083,16,10580,0,814,116,0,0,14048
2004,1,US_Subsistence,Lower,0,99,261,0,359,0,0,0,0,0,719
2004,1,US_Subsistence,Middle,0,437,748,0,1070,0,65,0,0,0,2320
2004,1,US_Subsistence,Upper,0,232,830,0,1680,0,98,0,0,0,2840
2004,2,US_Comm,Lower,0,360,1671,0,2868,0,95,0,0,0,4994
2004,2,US_Comm,Middle,0,264,1229,0,5303,0,308,0,0,0,7104
2004,2,US_Comm,Upper,0,284,1674,0,9633,0,546,0,0,0,12137
2004,2,US_Subsistence,Lower,5,125,337,0,492,1,16,0,0,0,976
2004,2,US_Subsistence,Middle,1,451,906,0,2084,1,127,0,0,0,3570
2004,2,US_Subsistence,Upper,0,555,1105,0,3354,1,163,0,0,0,5178
2004,3,US_Comm,Lower,0,0,0,0,0,0,0,0,0,0,0
2004,3,US_Comm,Middle,0,0,0,0,0,0,0,0,0,0,0
2004,3,US_Comm,Upper,0,0,0,0,0,0,0,0,0,0,0
2004,3,US_Subsistence,Lower,4,43,121,0,270,0,12,0,0,2,452
2004,3,US_Subsistence,Middle,1,156,326,0,1142,0,98,0,0,2,1725
2004,3,US_Subsistence,Upper,0,192,397,0,1838,0,125,18,0,2,2572
2004,4,US_Comm,Lower,0,0,0,0,0,0,0,0,0,0,0
2004,4,US_Comm,Middle,0,0,0,0,0,0,0,0,0,0,0
2004,4,US_Comm,Upper,0,0,0,0,0,0,0,0,0,0,0
2004,4,US_Subsistence,Lower,5,392,844,0,3250,0,235,18,0,5,4749
2004,4,US_Subsistence,Middle,0,0,0,0,582,0,0,0,0,0,582
2004,4,US_Subsistence,Upper,0,322,1905,0,6021,0,439,0,0,0,8687
2004,5,US_Comm,Upper,0,24,33,0,0,0,0,0,0,0,57
2004,5,US_Subsistence,Upper,0,46,70,0,116,0,0,0,0,0,232
2004,6,US_Comm,Middle,0,209,407,0,597,0,45,0,0,0,1258
2004,6,US_Sport,Middle,3,639,563,0,821,0,31,0,0,0,2057
2004,6,US_Subsistence,Middle,2,494,436,0,633,0,24,0,0,0,1589
2004,7,CA_Comm,Upper,0,137,184,0,1173,0,20,0,0,0,1514
2004,7,CA_Subsistence,Upper,0,184,3181,0,6931,0,707,235,0,0,11238
2005,1,US_Comm,Lower,0,251,4431,0,2244,6,137,0,0,0,7069
2005,1,US_Comm,Middle,0,24,726,0,699,0,68,7,0,0,1524
2005,1,US_Comm,Upper,0,11,2013,0,5786,21,504,0,0,0,8335
2005,1,US_Subsistence,Lower,0,2,42,0,52,0,4,0,0,0,100
2005,1,US_Subsistence,Middle,0,148,244,0,117,1,2,0,0,0,512
2005,1,US_Subsistence,Upper,0,31,1104,0,1800,12,103,0,0,0,3050
2005,2,US_Comm,Lower,0,560,2039,0,2334,16,109,0,0,0,5058
2005,2,US_Comm,Middle,0,264,4309,0,1769,6,33,0,0,0,6381
2005,2,US_Comm,Upper,0,22,1393,0,3278,9,130,0,0,0,4832
2005,2,US_Subsistence,Lower,0,362,1970,0,814,6,11,0,0,0,3163
2005,2,US_Subsistence,Middle,0,158,939,0,764,6,6,0,0,0,1873
2005,2,US_Subsistence,Upper,0,12,1377,0,2585,6,133,8,0,0,4121
2005,3,US_Comm,Lower,0,0,0,0,0,0,0,0,0,0,0
2005,3,US_Comm,Middle,0,0,0,0,0,0,0,0,0,0,0
2005,3,US_Comm,Upper,0,0,0,0,0,0,0,0,0,0,0
2005,3,US_Subsistence,Lower,0,210,1229,0,398,0,8,0,0,0,1845
2005,3,US_Subsistence,Middle,0,92,586,0,373,0,5,0,0,0,1056
2005,3,US_Subsistence,Upper,0,7,859,0,1264,0,101,0,0,0,2231
2005,4,US_Comm,Lower,0,0,0,0,0,0,0,0,0,0,0
2005,4,US_Comm,Middle,0,0,0,0,0,0,0,0,0,0,0
2005,4,US_Comm,Upper,0,0,0,0,0,0,0,0,0,0,0
2005,4,US_Subsistence,Lower,0,59,343,0,423,0,13,0,0,0,838
2005,4,US_Subsistence,Middle,0,450,3040,0,2364,0,53,2,0,0,5909
2005,4,US_Subsistence,Upper,0,10,2069,0,4620,14,426,65,0,14,7218
2005,5,US_Comm,Lower,0,4,6,0,0,2,0,0,0,0,12
2005,5,US_Comm,Middle,0,150,211,0,91,6,0,0,0,0,458
2005,5,US_Comm,Upper,0,17,468,0,494,5,6,9,0,0,999
2005,5,US_Subsistence,Lower,0,28,36,0,0,11,0,0,0,0,75
2005,5,US_Subsistence,Middle,0,953,1377,0,613,40,2,1,0,0,2986
2005,5,US_Subsistence,Upper,0,989,6478,0,6126,99,68,103,0,0,13863
2005,6,US_Comm,Middle,0,20,242,0,184,1,6,0,0,0,453
2005,6,US_Sport,Middle,3,674,595,0,865,0,33,0,0,0,2170
2005,6,US_Subsistence,Middle,0,39,221,0,208,0,13,4,0,0,485
2005,7,CA_Comm,Upper,3,38,1278,4,2550,49,144,0,0,0,4066
2005,7,CA_Subsistence,Upper,5,66,2202,7,4395,85,249,0,0,0,7009
2006,1,US_Comm,Lower,0,275,3692,0,4388,3,11,20,0,0,8389
2006,1,US_Comm,Middle,0,123,2563,0,1970,1,141,0,0,0,4798
2006,1,US_Comm,Upper,0,44,5226,0,5859,0,229,0,0,0,11358
2006,1,US_Subsistence,Lower,0,100,441,0,546,0,2,0,0,0,1089
2006,1,US_Subsistence,Middle,0,125,1049,0,553,0,59,0,0,0,1786
2006,1,US_Subsistence,Upper,0,27,1287,0,885,0,47,0,0,0,2246
2006,2,US_Comm,Lower,0,245,3118,0,2761,23,2,0,0,0,6149
2006,2,US_Comm,Middle,0,88,2963,0,1908,30,102,0,0,0,5091
2006,2,US_Comm,Upper,0,29,4464,0,4002,0,99,0,0,0,8594
2006,2,US_Subsistence,Lower,0,62,446,0,442,11,1,0,0,0,962
2006,2,US_Subsistence,Middle,0,139,1879,0,906,18,45,0,0,0,2987
2006,2,US_Subsistence,Upper,0,30,2272,0,1745,0,43,0,0,0,4090
2006,3,US_Comm,Lower,0,0,11,0,9,0,0,0,0,0,20
2006,3,US_Comm,Middle,0,2,65,0,51,1,2,1,0,0,122
2006,3,US_Comm,Upper,0,3,76,0,60,1,3,1,0,0,144
2006,3,US_Subsistence,Lower,0,32,185,0,167,6,0,17,0,0,407
2006,3,US_Subsistence,Middle,0,105,1155,0,750,22,51,0,0,0,2083
2006,3,US_Subsistence,Upper,0,24,1457,0,1356,0,46,0,0,0,2883
2006,4,US_Comm,Lower,0,0,0,0,0,0,0,0,0,0,0
2006,4,US_Comm,Middle,0,0,0,0,0,0,0,0,0,0,0
2006,4,US_Comm,Upper,0,0,0,0,0,0,0,0,0,0,0
2006,4,US_Subsistence,Lower,0,190,553,0,258,13,0,111,0,0,1125
2006,4,US_Subsistence,Middle,0,547,2615,0,2285,35,130,0,0,0,5612
2006,4,US_Subsistence,Upper,0,116,2942,0,2155,0,71,0,0,0,5284
2006,5,US_Comm,Lower,0,16,35,0,0,0,0,7,0,0,58
2006,5,US_Comm,Middle,0,149,636,0,129,0,4,0,0,0,918
2006,5,US_Comm,Upper,0,24,578,0,258,0,4,0,0,0,864
2006,5,US_Subsistence,Lower,0,10,68,0,21,0,0,0,0,0,99
2006,5,US_Subsistence,Middle,0,329,2186,0,678,0,14,12,0,0,3219
2006,5,US_Subsistence,Upper,0,1289,8558,0,2654,0,55,48,0,0,12604
2006,6,US_Comm,Middle,0,6,41,0,36,0,1,0,0,0,84
2006,6,US_Sport,Middle,0,95,639,1,557,3,23,0,0,0,1318
2006,6,US_Subsistence,Middle,0,53,358,0,313,2,13,0,0,0,739
2006,7,CA_Comm,Upper,0,30,1118,3,1156,0,25,0,0,0,2332
2006,7,CA_Subsistence,Upper,0,86,3232,10,3342,0,71,0,0,0,6741
2007,1,US_Comm,Lower,0,1027,1285,0,2835,4,39,184,0,0,5374
2007,1,US_Comm,Middle,0,387,975,0,4421,2,27,206,0,0,6018
2007,1,US_Comm,Upper,0,271,1324,0,5923,3,246,308,0,0,8075
2007,1,US_Subsistence,Lower,0,65,70,0,163,0,0,0,0,0,298
2007,1,US_Subsistence,Middle,0,427,752,0,1261,0,0,0,0,0,2440
2007,1,US_Subsistence,Upper,0,26,1151,0,2145,0,0,0,0,0,3322
2007,2,US_Comm,Lower,0,1152,845,0,1356,15,9,0,0,0,3377
2007,2,US_Comm,Middle,0,585,955,0,2331,6,6,0,0,0,3883
2007,2,US_Comm,Upper,0,543,1376,0,3953,29,109,36,0,0,6046
2007,2,US_Subsistence,Lower,0,86,388,0,1199,4,13,8,0,0,1698
2007,2,US_Subsistence,Middle,0,162,820,0,1829,5,19,12,0,0,2847
2007,2,US_Subsistence,Upper,0,216,1090,0,4611,13,47,31,0,0,6008
2007,3,US_Comm,Lower,0,0,2,0,5,0,0,0,0,0,7
2007,3,US_Comm,Middle,0,2,16,0,49,0,1,0,0,0,68
2007,3,US_Comm,Upper,0,3,27,0,84,0,1,1,0,0,116
2007,3,US_Subsistence,Lower,0,4,39,0,120,0,2,1,0,0,166
2007,3,US_Subsistence,Middle,0,40,385,0,1188,0,16,8,0,0,1637
2007,3,US_Subsistence,Upper,0,70,670,0,2066,0,28,14,0,0,2848
2007,4,US_Comm,Lower,0,0,0,0,0,0,0,0,0,0,0
2007,4,US_Comm,Middle,0,0,0,0,0,0,0,0,0,0,0
2007,4,US_Comm,Upper,0,0,0,0,0,0,0,0,0,0,0
2007,4,US_Subsistence,Lower,0,127,193,1,382,0,3,0,0,0,706
2007,4,US_Subsistence,Middle,0,1010,1601,10,3267,0,29,5,0,0,5922
2007,4,US_Subsistence,Upper,0,400,1222,3,3538,0,31,8,0,0,5202
2007,5,US_Comm,Lower,0,0,0,0,2,0,0,0,0,0,2
2007,5,US_Comm,Middle,0,72,174,1,175,0,3,0,0,0,425
2007,5,US_Comm,Upper,0,121,291,3,391,0,7,0,0,0,813
2007,5,US_Subsistence,Lower,0,18,42,0,47,0,1,0,0,0,108
2007,5,US_Subsistence,Middle,0,536,1271,12,1415,0,31,0,0,0,3265
2007,5,US_Subsistence,Upper,0,2247,6178,48,7156,8,137,0,0,0,15774
2007,6,US_Comm,Middle,6,108,52,0,111,0,3,0,0,0,280
2007,6,US_Sport,Middle,9,483,464,0,887,0,9,0,0,0,1852
2007,6,US_Subsistence,Middle,0,215,259,0,483,0,3,0,0,0,960
2007,7,CA_Comm,Upper,0,6,170,1,380,17,19,24,0,0,617
2007,7,CA_Subsistence,Upper,3,45,1233,4,2759,123,135,174,0,0,4476
2008,1,US_Comm,Lower,7,211,1030,6,464,6,30,7,0,0,1761
2008,1,US_Comm,Middle,0,15,73,0,35,0,2,0,0,0,125
2008,1,US_Comm,Upper,1,67,360,2,194,2,13,3,0,0,642
2008,1,US_Subsistence,Lower,0,18,281,0,162,0,11,1,0,0,473
2008,1,US_Subsistence,Middle,0,91,1424,0,818,0,55,6,0,0,2394
2008,1,US_Subsistence,Upper,0,125,1961,0,1126,0,75,8,0,0,3295
2008,2,US_Comm,Lower,0,127,769,5,435,11,24,5,0,0,1376
2008,2,US_Comm,Middle,0,15,85,0,45,1,2,0,0,0,148
2008,2,US_Comm,Upper,0,55,329,2,184,5,10,2,0,0,587
2008,2,US_Subsistence,Lower,2,47,773,0,464,1,44,7,0,0,1338
2008,2,US_Subsistence,Middle,6,103,1953,0,1263,3,125,19,0,0,3472
2008,2,US_Subsistence,Upper,8,123,2346,0,1516,4,150,23,0,0,4170
2008,3,US_Comm,Lower,0,0,0,0,0,0,0,0,0,0,0
2008,3,US_Comm,Middle,0,0,0,0,0,0,0,0,0,0,0
2008,3,US_Comm,Upper,0,0,0,0,0,0,0,0,0,0,0
2008,3,US_Subsistence,Lower,0,15,933,0,826,0,61,0,0,0,1835
2008,3,US_Subsistence,Middle,0,9,576,0,510,0,38,0,0,0,1133
2008,3,US_Subsistence,Upper,0,24,1468,0,1299,0,96,0,0,0,2887
2008,4,US_Comm,Lower,0,0,0,0,0,0,0,0,0,0,0
2008,4,US_Comm,Middle,0,0,0,0,0,0,0,0,0,0,0
2008,4,US_Comm,Upper,0,0,0,0,0,0,0,0,0,0,0
2008,4,US_Subsistence,Lower,0,40,1049,0,756,3,52,0,0,0,1900
2008,4,US_Subsistence,Middle,0,129,2416,0,1487,11,103,0,0,0,4146
2008,4,US_Subsistence,Upper,0,113,2521,0,1795,10,133,0,0,0,4572
2008,5,US_Comm,Lower,0,0,0,0,0,0,0,0,0,0,0
2008,5,US_Comm,Middle,0,0,0,0,0,0,0,0,0,0,0
2008,5,US_Comm,Upper,0,0,0,0,0,0,0,0,0,0,0
2008,5,US_Subsistence,Lower,0,34,176,0,11,0,0,0,0,0,221
2008,5,US_Subsistence,Middle,0,346,1769,0,115,0,0,0,0,0,2230
2008,5,US_Subsistence,Upper,0,1129,7112,0,886,16,32,0,0,0,9175
2008,6,US_Comm,Middle,0,0,0,0,0,0,0,0,0,0,0
2008,6,US_Sport,Middle,5,72,378,0,262,0,12,0,0,0,729
2008,6,US_Subsistence,Middle,2,25,132,0,91,0,4,0,0,0,254
2008,7,CA_Comm,Upper,0,0,0,0,0,0,0,0,0,0,0
2008,7,CA_Subsistence,Upper,0,13,1958,0,1245,75,135,0,0,0,3426
2009,1,US_Comm,Lower,1,31,14,0,17,0,0,0,0,0,63
2009,1,US_Comm,Middle,0,6,3,0,3,0,0,0,0,0,12
2009,1,US_Comm,Upper,0,8,3,0,4,0,0,0,0,0,15
2009,1,US_Subsistence,Lower,0,124,95,0,497,0,10,2,0,0,728
2009,1,US_Subsistence,Middle,0,229,176,0,919,1,18,3,0,0,1346
2009,1,US_Subsistence,Upper,0,350,268,0,1402,1,28,5,0,0,2054
2009,2,US_Comm,Lower,2,78,35,0,42,0,0,0,0,0,157
2009,2,US_Comm,Middle,0,15,7,0,8,0,0,0,0,0,30
2009,2,US_Comm,Upper,0,19,9,0,10,0,0,0,0,0,38
2009,2,US_Subsistence,Lower,3,151,254,1,602,3,10,3,0,0,1027
2009,2,US_Subsistence,Middle,5,263,448,2,1047,5,17,5,0,0,1792
2009,2,US_Subsistence,Upper,9,491,836,5,1953,9,32,9,0,0,3344
2009,3,US_Comm,Lower,0,0,0,0,0,0,0,0,0,0,0
2009,3,US_Comm,Middle,0,0,0,0,0,0,0,0,0,0,0
2009,3,US_Comm,Upper,0,0,0,0,0,0,0,0,0,0,0
2009,3,US_Subsistence,Lower,0,123,157,0,1214,0,14,0,0,0,1508
2009,3,US_Subsistence,Middle,0,54,69,0,535,0,6,0,0,0,664
2009,3,US_Subsistence,Upper,0,61,78,0,606,0,7,0,0,0,752
2009,4,US_Comm,Lower,0,0,0,0,0,0,0,0,0,0,0
2009,4,US_Comm,Middle,0,0,0,0,0,0,0,0,0,0,0
2009,4,US_Comm,Upper,0,0,0,0,0,0,0,0,0,0,0
2009,4,US_Subsistence,Lower,0,98,106,0,564,0,9,7,0,0,784
2009,4,US_Subsistence,Middle,0,607,668,0,3515,0,61,48,0,0,4899
2009,4,US_Subsistence,Upper,0,413,524,0,2800,0,53,42,0,0,3832
2009,5,US_Comm,Lower,0,0,0,0,0,0,0,0,0,0,0
2009,5,US_Comm,Middle,0,0,0,0,0,0,0,0,0,0,0
2009,5,US_Comm,Upper,0,0,0,0,0,0,0,0,0,0,0
2009,5,US_Subsistence,Lower,0,13,16,0,39,0,0,0,0,0,68
2009,5,US_Subsistence,Middle,0,209,262,0,765,0,3,0,0,0,1239
2009,5,US_Subsistence,Upper,5,1513,1836,0,4199,5,47,5,0,0,7610
2009,6,US_Comm,Middle,0,0,0,0,0,0,0,0,0,0,0
2009,6,US_Sport,Middle,0,194,161,0,477,0,4,0,0,0,836
2009,6,US_Subsistence,Middle,0,328,272,0,806,0,6,0,0,0,1412
2009,7,CA_Comm,Upper,0,28,121,0,215,0,0,0,0,0,364
2009,7,CA_Subsistence,Upper,0,340,1460,0,2594,0,0,0,0,0,4394
2010,1,US_Comm,Lower,5,1289,1791,0,573,18,42,7,0,0,3725
2010,1,US_Comm,Middle,2,258,384,0,115,4,11,1,0,0,775
2010,1,US_Comm,Upper,2,452,593,0,174,6,15,1,0,0,1243
2010,1,US_Subsistence,Lower,1,84,672,1,361,9,36,2,0,0,1166
2010,1,US_Subsistence,Middle,1,122,972,1,522,13,53,3,0,0,1687
2010,1,US_Subsistence,Upper,2,217,1731,2,930,23,94,5,0,0,3004
2010,2,US_Comm,Lower,6,883,1349,0,428,13,31,6,0,0,2716
2010,2,US_Comm,Middle,2,185,299,0,88,3,8,1,0,0,586
2010,2,US_Comm,Upper,2,297,418,0,118,4,12,1,0,0,852
2010,2,US_Subsistence,Lower,0,85,562,0,275,4,16,4,0,0,946
2010,2,US_Subsistence,Middle,0,314,2079,0,1017,15,60,15,0,0,3500
2010,2,US_Subsistence,Upper,0,380,2513,0,1229,18,72,18,0,0,4230
2010,2,US_Sport,Lower,2,61,77,2,17,1,1,0,0,0,161
2010,3,US_Comm,Lower,0,0,0,0,0,0,0,0,0,0,0
2010,3,US_Comm,Middle,0,0,0,0,0,0,0,0,0,0,0
2010,3,US_Comm,Upper,0,0,0,0,0,0,0,0,0,0,0
2010,3,US_Subsistence,Lower,0,10,233,0,158,1,20,4,0,0,426
2010,3,US_Subsistence,Middle,0,43,999,0,676,6,87,19,0,0,1830
2010,3,US_Subsistence,Upper,0,48,1115,0,755,7,97,21,0,0,2043
2010,4,US_Comm,Lower,0,0,0,0,0,0,0,0,0,0,0
2010,4,US_Comm,Middle,0,0,0,0,0,0,0,0,0,0,0
2010,4,US_Comm,Upper,0,0,0,0,0,0,0,0,0,0,0
2010,4,US_Subsistence,Lower,0,82,416,0,263,7,23,6,0,0,797
2010,4,US_Subsistence,Middle,1,679,3292,1,1967,59,177,53,0,0,6229
2010,4,US_Subsistence,Upper,0,489,3078,0,2009,64,168,54,0,0,5862
2010,5,US_Comm,Lower,0,0,0,0,0,0,0,0,0,0,0
2010,5,US_Comm,Middle,0,0,0,0,0,0,0,0,0,0,0
2010,5,US_Comm,Upper,0,0,0,0,0,0,0,0,0,0,0
2010,5,US_Subsistence,Lower,1,24,53,0,26,1,3,1,0,0,109
2010,5,US_Subsistence,Middle,13,488,1103,3,540,21,65,15,0,3,2251
2010,5,US_Subsistence,Upper,41,1576,4110,9,1935,84,224,51,0,9,8039
2010,6,US_Comm,Middle,0,0,0,0,0,0,0,0,0,0,0
2010,6,US_Sport,Middle,1,74,177,2,53,2,3,2,0,0,314
2010,6,US_Subsistence,Middle,5,307,736,8,222,8,11,8,0,0,1305
2010,7,CA_Comm,Upper,0,0,0,0,0,0,0,0,0,0,0
2010,7,CA_Subsistence,Upper,0,196,1222,0,1104,16,78,31,0,0,2647
2011,1,US_Comm,Lower,0,0,0,0,0,0,0,0,0,0,0
2011,1,US_Comm,Middle,0,0,0,0,0,0,0,0,0,0,0
2011,1,US_Comm,Upper,0,0,0,0,0,0,0,0,0,0,0
2011,1,US_Subsistence,Lower,0,484,938,3,625,6,13,16,0,0,2085
2011,1,US_Subsistence,Middle,0,190,767,1,522,3,10,14,0,0,1507
2011,1,US_Subsistence,Upper,0,303,1327,1,975,5,20,32,0,1,2664
2011,2,US_Comm,Lower,0,0,0,0,0,0,0,0,0,0,0
2011,2,US_Comm,Middle,0,0,0,0,0,0,0,0,0,0,0
2011,2,US_Comm,Upper,0,0,0,0,0,0,0,0,0,0,0
2011,2,US_Subsistence,Lower,1,584,1724,5,964,19,16,36,0,0,3349
2011,2,US_Subsistence,Middle,1,238,997,2,577,14,12,26,0,0,1867
2011,2,US_Subsistence,Upper,1,368,1584,3,917,22,19,41,0,0,2955
2011,3,US_Comm,Lower,0,0,0,0,0,0,0,0,0,0,0
2011,3,US_Comm,Middle,0,0,0,0,0,0,0,0,0,0,0
2011,3,US_Comm,Upper,0,0,0,0,0,0,0,0,0,0,0
2011,3,US_Subsistence,Lower,0,0,82,0,51,1,0,3,0,0,137
2011,3,US_Subsistence,Middle,0,0,923,0,575,15,4,30,0,0,1547
2011,3,US_Subsistence,Upper,0,0,1461,0,910,24,6,48,0,0,2449
2011,4,US_Comm,Lower,0,0,0,0,0,0,0,0,0,0,0
2011,4,US_Comm,Middle,0,0,0,0,0,0,0,0,0,0,0
2011,4,US_Comm,Upper,0,0,0,0,0,0,0,0,0,0,0
2011,4,US_Subsistence,Lower,0,22,203,0,146,3,3,5,0,0,382
2011,4,US_Subsistence,Middle,0,162,2531,0,1958,31,33,62,0,0,4777
2011,4,US_Subsistence,Upper,0,74,2450,0,2066,37,34,74,0,0,4735
2011,5,US_Comm,Lower,0,0,0,0,0,0,0,0,0,0,0
2011,5,US_Comm,Middle,0,0,0,0,0,0,0,0,0,0,0
2011,5,US_Comm,Upper,0,0,0,0,0,0,0,0,0,0,0
2011,5,US_Subsistence,Lower,0,52,159,1,165,3,3,21,0,0,404
2011,5,US_Subsistence,Middle,0,270,810,7,839,17,17,106,0,0,2066
2011,5,US_Subsistence,Upper,0,1012,3342,29,3105,83,69,381,0,0,8021
2011,6,US_Comm,Middle,0,0,0,0,0,0,0,0,0,0,0
2011,6,US_Sport,Middle,1,67,150,0,145,1,5,1,0,0,370
2011,6,US_Subsistence,Middle,3,264,591,2,569,5,18,5,0,0,1457
2011,7,CA_Comm,Upper,0,0,0,0,0,0,0,0,0,0,0
2011,7,CA_Subsistence,Upper,0,105,1442,0,2884,70,81,302,0,0,4884
2012,1,US_Comm,Lower,0,0,0,0,0,0,0,0,0,0,0
2012,1,US_Comm,Middle,0,0,0,0,0,0,0,0,0,0,0
2012,1,US_Comm,Upper,0,0,0,0,0,0,0,0,0,0,0
2012,1,US_Subsistence,Lower,0,231,851,2,661,11,12,9,0,0,1777
2012,1,US_Subsistence,Middle,0,94,456,1,395,9,7,7,0,0,969
2012,1,US_Subsistence,Upper,0,146,682,2,707,9,12,11,0,0,1569
2012,2,US_Comm,Lower,0,0,0,0,0,0,0,0,0,0,0
2012,2,US_Comm,Middle,0,0,0,0,0,0,0,0,0,0,0
2012,2,US_Comm,Upper,0,0,0,0,0,0,0,0,0,0,0
2012,2,US_Subsistence,Lower,2,128,696,2,462,4,10,8,0,0,1312
2012,2,US_Subsistence,Middle,1,111,1443,6,1022,12,32,11,0,0,2638
2012,2,US_Subsistence,Upper,2,145,1711,7,1231,14,37,16,0,1,3164
2012,3,US_Comm,Lower,0,0,0,0,0,0,0,0,0,0,0
2012,3,US_Comm,Middle,0,0,0,0,0,0,0,0,0,0,0
2012,3,US_Comm,Upper,0,0,0,0,0,0,0,0,0,0,0
2012,3,US_Subsistence,Lower,0,7,110,0,76,1,2,0,0,0,196
2012,3,US_Subsistence,Middle,0,37,575,3,397,5,13,3,0,0,1033
2012,3,US_Subsistence,Upper,0,40,631,3,436,6,14,3,0,0,1133
2012,4,US_Comm,Lower,0,0,0,0,0,0,0,0,0,0,0
2012,4,US_Comm,Middle,0,0,0,0,0,0,0,0,0,0,0
2012,4,US_Comm,Upper,0,0,0,0,0,0,0,0,0,0,0
2012,4,US_Subsistence,Lower,0,56,502,0,213,16,0,4,0,0,791
2012,4,US_Subsistence,Middle,0,308,2625,0,1126,81,1,21,0,0,4162
2012,4,US_Subsistence,Upper,0,193,1717,0,730,55,0,14,0,0,2709
2012,5,US_Comm,Lower,0,0,0,0,0,0,0,0,0,0,0
2012,5,US_Comm,Middle,0,0,0,0,0,0,0,0,0,0,0
2012,5,US_Comm,Upper,0,0,0,0,0,0,0,0,0,0,0
2012,5,US_Subsistence,Lower,0,4,24,0,16,1,0,1,0,0,46
2012,5,US_Subsistence,Middle,7,108,583,7,389,36,7,14,0,0,1151
2012,5,US_Subsistence,Upper,33,494,2666,33,1778,165,33,66,0,0,5268
2012,6,US_Comm,Middle,0,0,0,0,0,0,0,0,0,0,0
2012,6,US_Sport,Middle,0,6,42,0,64,0,1,0,0,0,113
2012,6,US_Subsistence,Middle,2,39,259,0,390,0,8,0,0,0,698
2012,7,CA_Comm,Upper,0,0,0,0,0,0,0,0,0,0,0
2012,7,CA_Subsistence,Upper,9,138,637,9,1205,52,26,69,0,0,2145
2013,1,US_Subsistence,Lower,0,161,222,0,298,8,4,5,0,0,698
2013,1,US_Subsistence,Middle,0,42,62,0,92,2,1,2,0,0,201
2013,1,US_Subsistence,Upper,0,146,224,0,342,8,5,7,0,0,732
2013,2,US_Subsistence,Lower,0,109,149,0,201,5,3,4,0,0,471
2013,2,US_Subsistence,Middle,0,29,42,0,62,2,1,1,0,0,137
2013,2,US_Subsistence,Upper,0,99,151,0,231,6,4,5,0,0,496
2013,3,US_Subsistence,Lower,0,44,60,0,81,2,1,1,0,0,189
2013,3,US_Subsistence,Middle,0,12,17,0,25,1,0,1,0,0,56
2013,3,US_Subsistence,Upper,0,40,61,0,93,2,1,2,0,0,199
2013,4,US_Subsistence,Lower,0,62,121,0,78,0,2,2,0,0,265
2013,4,US_Subsistence,Middle,0,222,418,0,282,1,8,7,0,0,938
2013,4,US_Subsistence,Upper,0,395,775,0,497,0,15,15,0,0,1697
2013,5,US_Subsistence,Lower,0,1,5,0,6,0,0,0,0,0,12
2013,5,US_Subsistence,Middle,0,109,444,0,468,24,0,5,0,0,1050
2013,5,US_Subsistence,Upper,0,360,1473,0,1552,78,0,16,0,0,3479
2013,6,US_Subsistence,Middle,5,83,78,0,234,1,8,0,0,0,409
2013,6,US_Sport,Middle,0,2,2,0,6,0,0,0,0,0,10
2013,7,CA_Subsistence,Upper,0,89,591,0,1344,16,73,32,0,0,2145
2014,0,US_Subsistence,Lower,0,75,89,0,93,3,1,1,0,0,262
2014,0,US_Subsistence,Middle,0,19,23,0,24,1,0,0,0,0,68
2014,0,US_Subsistence,Upper,0,67,79,0,83,3,1,1,0,0,233
2014,1,US_Subsistence,Lower,0,79,165,0,161,3,3,2,0,0,413
2014,1,US_Subsistence,Middle,0,22,128,0,117,1,4,2,0,0,274
2014,1,US_Subsistence,Upper,1,74,298,0,278,3,8,5,0,0,667
2014,2,US_Subsistence,Lower,1,74,99,0,93,3,1,1,0,0,272
2014,2,US_Subsistence,Middle,1,21,38,0,27,1,0,0,0,0,88
2014,2,US_Subsistence,Upper,1,67,98,0,85,3,1,1,0,0,256
2014,3,US_Subsistence,Lower,0,6,8,0,8,0,0,0,0,0,22
2014,3,US_Subsistence,Middle,0,2,2,0,2,0,0,0,0,0,6
2014,3,US_Subsistence,Upper,0,6,7,0,7,0,0,0,0,0,20
2014,4,US_Subsistence,Lower,0,2,3,0,2,0,0,0,0,0,7
2014,4,US_Subsistence,Middle,0,16,50,0,15,0,1,0,0,0,82
2014,4,US_Subsistence,Upper,0,10,20,0,13,0,0,0,0,0,43
2014,5,US_Subsistence,Lower,0,1,1,0,0,0,0,0,0,0,2
2014,5,US_Subsistence,Middle,5,12,24,0,8,1,0,0,0,0,50
2014,5,US_Subsistence,Upper,25,58,112,0,36,4,0,0,0,0,235
2014,6,US_Subsistence,Middle,4,28,197,0,51,1,2,0,0,0,283
2014,6,US_Sport,Middle,0,0,0,0,0,0,0,0,0,0,0
2014,7,CA_Subsistence,Upper,0,7,52,0,40,1,1,2,0,0,103
2015,0,US_Subsistence,Lower,0,119,43,0,79,0,0,0,0,0,242
2015,0,US_Subsistence,Middle,0,154,56,0,103,0,0,0,0,0,312
2015,0,US_Subsistence,Upper,0,203,74,0,135,0,0,0,0,0,412
2015,1,US_Subsistence,Lower,0,152,75,0,199,0,1,1,0,0,429
2015,1,US_Subsistence,Middle,0,199,100,0,271,0,1,1,0,0,573
2015,1,US_Subsistence,Upper,0,278,160,1,474,0,2,3,0,0,917
2015,2,US_Subsistence,Lower,0,114,84,1,96,2,0,0,0,0,297
2015,2,US_Subsistence,Middle,0,147,108,1,124,3,0,0,0,0,383
2015,2,US_Subsistence,Upper,0,454,334,4,384,9,0,0,0,0,1185
2015,3,US_Subsistence,Lower,0,40,35,1,36,1,0,0,0,0,112
2015,3,US_Subsistence,Middle,0,51,45,1,46,1,0,0,0,0,145
2015,3,US_Subsistence,Upper,0,158,140,2,142,4,0,0,0,0,447
2015,4,US_Subsistence,Lower,0,39,27,0,26,1,0,0,0,0,93
2015,4,US_Subsistence,Middle,0,210,115,1,100,2,0,0,0,0,427
2015,4,US_Subsistence,Upper,0,120,69,1,61,1,0,0,0,0,251
2015,5,US_Subsistence,Lower,0,6,3,0,2,0,0,0,0,0,12
2015,5,US_Subsistence,Middle,1,253,112,1,95,0,1,1,0,0,465
2015,5,US_Subsistence,Upper,4,747,331,4,280,0,4,4,0,0,1373
2015,6,US_Subsistence,Middle,0,250,107,0,80,0,0,0,0,0,437
2015,6,US_Sport,Middle,0,7,3,0,2,0,0,0,0,0,13
2015,7,CA_Subsistence,Upper,4,130,414,0,605,25,14,12,0,0,1204
2016,0,US_Subsistence,Lower,0,76,130,2,28,1,0,1,0,0,237
2016,0,US_Subsistence,Middle,0,59,102,2,22,1,0,1,0,0,186
2016,0,US_Subsistence,Upper,0,147,253,4,54,2,0,2,0,0,463
2016,1,US_Subsistence,Lower,0,186,428,5,151,4,3,3,0,0,781
2016,1,US_Subsistence,Middle,0,149,361,4,134,4,3,3,0,0,658
2016,1,US_Subsistence,Upper,1,371,892,10,329,9,7,7,0,0,1627
2016,2,US_Subsistence,Lower,0,211,375,6,80,3,0,3,0,0,679
2016,2,US_Subsistence,Middle,0,315,556,9,118,5,0,4,0,0,1007
2016,2,US_Subsistence,Upper,0,366,650,10,138,6,0,5,0,0,1175
2016,3,US_Subsistence,Lower,39,61,54,0,5,3,0,0,0,0,162
2016,3,US_Subsistence,Middle,87,137,120,0,11,6,0,0,0,0,361
2016,3,US_Subsistence,Upper,91,144,126,0,12,6,0,0,0,0,379
2016,4,US_Subsistence,Lower,0,290,597,10,162,19,3,4,0,0,1084
2016,4,US_Subsistence,Middle,0,630,1272,22,355,41,4,8,0,0,2332
2016,4,US_Subsistence,Upper,0,688,1444,21,382,47,8,9,0,0,2599
2016,5,US_Subsistence,Lower,0,73,126,0,25,3,1,0,0,0,228
2016,5,US_Subsistence,Middle,0,543,942,0,188,22,11,0,0,0,1708
2016,5,US_Subsistence,Upper,0,1383,2951,0,706,74,29,3,0,0,5146
2016,6,US_Subsistence,Middle,0,284,493,0,99,12,6,0,0,0,893
2016,7,CA_Subsistence,Upper,0,270,1915,0,686,58,9,9,0,0,2946
2017,0,US_Subsistence,Lower,0,58,127,0,58,3,0,1,0,0,247
2017,0,US_Subsistence,Middle,0,75,166,0,75,4,0,2,0,0,323
2017,0,US_Subsistence,Upper,0,112,247,0,112,6,0,3,0,0,480
2017,1,US_Subsistence,Lower,1,220,558,0,314,12,1,9,0,0,1115
2017,1,US_Subsistence,Middle,0,282,724,0,418,15,2,11,0,0,1453
2017,1,US_Subsistence,Upper,1,422,1082,1,623,23,2,17,0,0,2170
2017,2,US_Subsistence,Lower,0,203,577,0,310,14,5,0,0,0,1109
2017,2,US_Subsistence,Middle,0,339,964,0,518,23,8,1,0,0,1852
2017,2,US_Subsistence,Upper,0,377,1074,0,577,25,8,1,0,0,2062
2017,3,US_Subsistence,Lower,0,26,138,0,66,1,0,1,0,0,231
2017,3,US_Subsistence,Middle,0,118,636,0,304,5,0,5,0,0,1068
2017,3,US_Subsistence,Upper,0,110,591,0,283,4,0,4,0,0,992
2017,4,US_Subsistence,Lower,1,78,366,0,161,1,0,2,0,0,609
2017,4,US_Subsistence,Middle,14,679,3155,0,1373,9,0,16,0,0,5246
2017,4,US_Subsistence,Upper,11,503,2353,0,1029,6,0,14,0,0,3915
2017,5,US_Subsistence,Lower,0,8,85,0,65,2,0,0,0,0,161
2017,5,US_Subsistence,Middle,0,147,1471,0,1128,39,0,0,0,0,2786
2017,5,US_Subsistence,Upper,3,584,5949,10,4844,159,3,24,0,0,11577
2017,6,US_Subsistence,Middle,0,49,487,0,373,13,0,0,0,0,922
2017,7,CA_Subsistence,Upper,5,146,1611,15,1640,44,5,34,0,0,3500
2018,0,US_Subsistence,Lower,1,36,113,0,105,0,2,0,0,0,258
2018,0,US_Subsistence,Middle,2,52,161,0,151,0,3,0,0,0,369
2018,0,US_Subsistence,Upper,2,69,214,0,200,0,5,0,0,0,491
2018,1,US_Subsistence,Lower,3,85,307,0,339,1,9,1,0,0,744
2018,1,US_Subsistence,Middle,4,122,445,0,493,1,13,1,0,0,1078
2018,1,US_Subsistence,Upper,5,164,608,0,684,1,18,2,0,0,1482
2018,2,US_Subsistence,Lower,0,136,462,0,275,4,22,4,0,0,903
2018,2,US_Subsistence,Middle,0,246,834,0,496,7,39,7,0,0,1630
2018,2,US_Subsistence,Upper,0,238,808,0,481,6,38,6,0,0,1579
2018,3,US_Subsistence,Lower,5,61,110,0,83,0,4,4,0,0,267
2018,3,US_Subsistence,Middle,11,125,224,0,169,0,7,7,0,0,543
2018,3,US_Subsistence,Upper,20,229,410,0,309,0,13,13,0,0,995
2018,4,US_Subsistence,Lower,0,73,242,3,235,2,5,4,0,0,564
2018,4,US_Subsistence,Middle,0,384,1320,15,1184,16,27,17,0,0,2963
2018,4,US_Subsistence,Upper,0,431,1494,14,1243,19,40,17,0,0,3256
2018,5,US_Subsistence,Lower,0,24,48,0,26,0,0,0,0,0,98
2018,5,US_Subsistence,Middle,0,552,1093,0,586,0,0,11,0,0,2243
2018,5,US_Subsistence,Upper,0,2663,5630,0,3354,11,23,56,0,0,11736
2018,6,US_Subsistence,Middle,0,201,398,0,213,0,0,4,0,0,816
2018,7,CA_Subsistence,Upper,0,287,1199,0,1235,20,40,8,0,0,2789
2019,0,US_Subsistence,Lower,0,49,189,1,147,1,2,1,0,0,392
2019,0,US_Subsistence,Middle,0,86,331,1,258,2,4,2,0,0,685
2019,0,US_Subsistence,Upper,0,119,454,2,354,3,5,3,0,0,940
2019,1,US_Subsistence,Lower,5,410,1298,3,1008,9,20,9,0,0,2762
2019,1,US_Subsistence,Middle,1,298,1123,4,963,8,17,10,0,0,2425
2019,1,US_Subsistence,Upper,3,521,1848,5,1538,13,29,16,0,0,3973
2019,2,US_Subsistence,Lower,3,369,1260,4,897,10,14,7,0,0,2563
2019,2,US_Subsistence,Middle,1,383,1441,5,1110,11,16,10,0,0,2978
2019,2,US_Subsistence,Upper,2,497,1806,6,1353,14,21,12,0,0,3710
2019,3,US_Subsistence,Lower,0,62,236,1,184,2,3,2,0,0,489
2019,3,US_Subsistence,Middle,0,125,480,2,374,4,5,4,0,0,994
2019,3,US_Subsistence,Upper,0,230,880,3,686,7,10,7,0,0,1823
2019,4,US_Subsistence,Lower,0,113,431,2,336,3,5,3,0,0,892
2019,4,US_Subsistence,Middle,0,723,2770,10,2160,21,31,21,0,0,5736
2019,4,US_Subsistence,Upper,0,645,2471,9,1927,18,28,18,0,0,5117
2019,5,US_Subsistence,Lower,0,12,64,0,54,0,1,0,0,0,132
2019,5,US_Subsistence,Middle,0,324,1470,3,1201,11,22,11,0,0,3042
2019,5,US_Subsistence,Upper,0,1140,5920,4,4987,44,102,44,0,0,12242
2019,6,US_Subsistence,Middle,0,106,406,2,317,3,5,3,0,0,841
2019,7,CA_Subsistence,Upper,0,255,1451,0,1245,11,27,11,0,0,3000
2020,0,US_Subsistence,Lower,0,31,91,0,85,0,5,0,0,0,212
2020,0,US_Subsistence,Middle,0,96,284,0,266,0,15,0,0,0,661
2020,0,US_Subsistence,Upper,0,104,307,0,288,0,16,0,0,0,715
2020,1,US_Subsistence,Lower,0,70,227,0,227,2,14,0,0,1,539
2020,1,US_Subsistence,Middle,0,207,621,0,589,1,33,0,0,0,1451
2020,1,US_Subsistence,Upper,0,229,717,0,698,3,41,0,0,1,1690
2020,2,US_Subsistence,Lower,0,155,467,0,436,1,25,0,0,0,1086
2020,2,US_Subsistence,Middle,0,224,664,0,622,1,35,0,0,0,1546
2020,2,US_Subsistence,Upper,0,263,792,0,740,2,43,1,0,0,1841
2020,3,US_Subsistence,Lower,0,17,65,0,47,2,5,1,0,0,137
2020,3,US_Subsistence,Middle,0,29,111,0,80,3,8,1,0,0,232
2020,3,US_Subsistence,Upper,1,40,152,0,109,4,11,1,0,0,318
2020,4,US_Subsistence,Lower,1,42,159,0,115,4,12,1,0,0,333
2020,4,US_Subsistence,Middle,4,232,886,0,639,23,65,8,0,0,1855
2020,4,US_Subsistence,Upper,3,195,745,0,537,19,54,6,0,0,1561
2020,5,US_Subsistence,Lower,1,24,98,0,75,3,7,1,0,0,207
2020,5,US_Subsistence,Middle,5,195,831,0,662,22,53,7,0,0,1775
2020,5,US_Subsistence,Upper,20,613,2801,0,2359,78,161,26,0,0,6057
2020,6,US_Subsistence,Middle,1,71,270,0,195,7,20,2,0,0,565
2020,7,CA_Subsistence,Upper,6,122,902,6,1229,22,72,6,0,0,2363
2021,0,US_Subsistence,Lower,0,0,3,0,2,0,0,0,0,0,6
2021,0,US_Subsistence,Middle,0,0,4,0,3,0,0,0,0,0,7
2021,0,US_Subsistence,Upper,0,1,9,0,6,0,1,0,0,0,18
2021,1,US_Subsistence,Lower,0,6,58,0,62,1,6,1,0,0,134
2021,1,US_Subsistence,Middle,0,8,83,0,98,2,8,1,0,0,201
2021,1,US_Subsistence,Upper,0,19,201,0,234,5,19,3,1,0,484
2021,2,US_Subsistence,Lower,0,6,66,0,52,1,6,0,0,0,130
2021,2,US_Subsistence,Middle,0,7,78,0,61,1,7,0,0,0,153
2021,2,US_Subsistence,Upper,0,16,182,0,141,2,16,1,0,0,358
2021,3,US_Subsistence,Lower,0,0,3,0,2,0,0,0,0,0,5
2021,3,US_Subsistence,Middle,0,0,3,0,2,0,0,0,0,0,6
2021,3,US_Subsistence,Upper,0,1,7,0,5,0,1,0,0,0,14
2021,4,US_Subsistence,Lower,0,0,0,0,0,0,0,0,0,0,0
2021,4,US_Subsistence,Middle,0,0,1,0,1,0,0,0,0,0,2
2021,4,US_Subsistence,Upper,0,0,1,0,1,0,0,0,0,0,2
2021,5,US_Subsistence,Lower,0,0,3,0,3,0,0,0,0,0,7
2021,5,US_Subsistence,Middle,0,2,39,0,34,1,3,0,0,0,79
2021,5,US_Subsistence,Upper,0,8,166,0,148,5,11,2,0,0,339
2021,6,US_Subsistence,Middle,0,0,1,0,0,0,0,0,0,0,1
2021,7,CA_Subsistence,Upper,0,7,138,0,146,3,8,4,0,0,306
2022,0,US_Subsistence,Lower,0,21,22,1,13,0,3,1,0,0,61
2022,0,US_Subsistence,Middle,0,9,9,0,5,0,1,0,0,0,25
2022,0,US_Subsistence,Upper,0,29,30,1,17,0,4,1,0,0,83
2022,1,US_Subsistence,Lower,0,37,45,2,41,0,6,2,0,0,133
2022,1,US_Subsistence,Middle,0,15,19,1,18,0,3,1,0,0,55
2022,1,US_Subsistence,Upper,0,52,69,2,74,0,10,2,0,1,210
2022,2,US_Subsistence,Lower,0,40,67,2,64,1,8,3,0,0,186
2022,2,US_Subsistence,Middle,0,17,29,1,28,0,4,1,0,0,80
2022,2,US_Subsistence,Upper,0,55,91,2,87,1,11,4,0,0,251
2022,3,US_Subsistence,Lower,0,2,2,0,1,0,0,0,0,0,5
2022,3,US_Subsistence,Middle,0,1,1,0,0,0,0,0,0,0,2
2022,3,US_Subsistence,Upper,0,3,3,0,2,0,0,0,0,0,7
2022,4,US_Subsistence,Lower,0,2,2,0,1,0,0,0,0,0,5
2022,4,US_Subsistence,Middle,0,9,10,0,5,0,1,0,0,0,26
2022,4,US_Subsistence,Upper,0,8,8,0,5,0,1,0,0,0,23
2022,5,US_Subsistence,Lower,0,1,4,0,3,0,0,0,0,0,8
2022,5,US_Subsistence,Middle,1,15,56,0,43,1,1,2,0,0,118
2022,5,US_Subsistence,Upper,3,63,252,0,210,5,5,9,0,1,547
2022,6,US_Subsistence,Middle,0,0,0,0,0,0,0,0,0,0,1
2022,7,CA_Subsistence,Upper,0,4,27,0,31,0,2,1,0,0,65
2023,0,US_Subsistence,Lower,0,3,24,0,7,1,1,1,0,0,36
2023,0,US_Subsistence,Middle,0,4,29,0,8,1,1,1,0,0,43
2023,0,US_Subsistence,Upper,0,5,34,0,9,1,1,1,0,0,51
2023,1,US_Subsistence,Lower,0,6,48,0,15,1,2,1,0,0,73
2023,1,US_Subsistence,Middle,1,7,57,0,18,1,2,1,0,0,87
2023,1,US_Subsistence,Upper,1,9,69,0,23,2,2,1,0,0,107
2023,2,US_Subsistence,Lower,0,6,50,0,18,1,2,1,0,0,78
2023,2,US_Subsistence,Middle,1,7,59,0,22,1,2,1,0,0,92
2023,2,US_Subsistence,Upper,1,10,82,0,32,2,3,2,0,0,130
2023,3,US_Subsistence,Lower,0,1,6,0,2,0,0,0,0,0,10
2023,3,US_Subsistence,Middle,0,1,8,0,2,0,0,0,0,0,12
2023,3,US_Subsistence,Upper,0,1,9,0,3,0,0,0,0,0,14
2023,4,US_Subsistence,Lower,0,0,2,0,0,0,0,0,0,0,2
2023,4,US_Subsistence,Middle,0,1,11,0,3,0,0,0,0,0,16
2023,4,US_Subsistence,Upper,0,1,7,0,2,0,0,0,0,0,10
2023,5,US_Subsistence,Lower,0,1,6,0,3,0,0,0,0,0,11
2023,5,US_Subsistence,Middle,0,20,170,0,75,9,9,0,0,0,284
2023,5,US_Subsistence,Upper,1,42,345,0,154,14,16,1,0,0,574
2023,6,US_Subsistence,Middle,0,0,0,0,0,0,0,0,0,0,0
2023,7,CA_Subsistence,Upper,0,6,95,0,65,3,8,1,0,1,180
2024,0,US_Subsistence,Lower,8,31,61,0,49,2,2,0,0,0,154
2024,0,US_Subsistence,Middle,5,19,38,0,31,1,1,0,0,0,96
2024,0,US_Subsistence,Upper,6,21,42,0,33,1,1,0,0,0,105
2024,1,US_Subsistence,Lower,3,11,22,0,18,1,1,0,0,0,56
2024,1,US_Subsistence,Middle,2,7,14,0,11,0,0,0,0,0,35
2024,1,US_Subsistence,Upper,2,8,15,0,12,1,1,0,0,0,38
2024,2,US_Subsistence,Lower,6,23,60,0,59,2,2,2,0,0,153
2024,2,US_Subsistence,Middle,3,13,31,0,29,1,1,1,0,0,79
2024,2,US_Subsistence,Upper,5,19,53,0,54,2,2,2,0,0,136
2024,3,US_Subsistence,Lower,0,1,2,0,1,0,0,0,0,0,4
2024,3,US_Subsistence,Middle,0,1,1,0,1,0,0,0,0,0,3
2024,3,US_Subsistence,Upper,0,1,1,0,1,0,0,0,0,0,3
2024,4,US_Subsistence,Lower,0,1,2,0,2,0,0,0,0,0,5
2024,4,US_Subsistence,Middle,1,5,10,0,8,0,0,0,0,0,24
2024,4,US_Subsistence,Upper,1,4,8,0,7,0,0,0,0,0,21
2024,5,US_Subsistence,Lower,0,1,3,0,2,0,0,0,0,0,6
2024,5,US_Subsistence,Middle,0,32,84,1,50,0,1,3,0,0,172
2024,5,US_Subsistence,Upper,1,155,351,5,248,5,6,12,0,0,783
2024,6,US_Subsistence,Middle,0,1,1,0,1,0,0,0,0,0,3
2024,7,CA_Subsistence,Upper,0,0,0,0,0,0,0,0,0,0,1
